candidate_id,section,line,quote,class,reason,match_patterns
C0001,4,113,"Если знаете, как расшифровать, сделайте это, если же нет, то придется уходить — 180.",e,"Narrative, counterfactual, quoted lore, or an immediate voluntary choice; no branch in this sentence depends on a prior deed.",if
C0002,8,166,"Вы вместе трогаетесь в путь и, пока вам с ним по пути, можете подумать над его предложением — 413.",e,"Narrative, counterfactual, quoted lore, or an immediate voluntary choice; no branch in this sentence depends on a prior deed.",when
C0003,13,231,"Когда тебе будет грозить опасность в воде или под водой, позови меня, и я тебе помогу!».",d,"Knowledge, promise, prior encounter, previous visit/action, or named character state; reviewed in STORY_STATE_TABLE.csv.",when
C0004,13,231,"Когда вам будет нужна ее помощь, прибавьте 15 к номеру параграфа, на котором будете находиться, и рыбка попробует вас спасти.",d,"Knowledge, promise, prior encounter, previous visit/action, or named character state; reviewed in STORY_STATE_TABLE.csv.",when
C0005,15,254,"Вы идете достаточно долго, пока не наступает ночь.",e,"Narrative, counterfactual, quoted lore, or an immediate voluntary choice; no branch in this sentence depends on a prior deed.",when
C0006,16,274,"Если же вам нечего ему предложить, придется драться — 532.",a,"Item, money, spell, bag, or numerical resource condition; an acquisition verb alone does not make possession a story-history predicate.",if
C0007,18,297,"Если вы удачливы, то 23, если нет, — 124.",c,"Luck, dice, or random-outcome condition.",if
C0008,21,329,"Если вы удачливы, то вам сразу удастся перерубить толстую нить, за которую вы подвешены.",c,"Luck, dice, or random-outcome condition.",if
C0009,21,329,"Если же вам не повезло, то перерубить паутину вы сможете только после предстоящего боя, а во время боя вам придется вычитать 2 из вашей СИЛЫ УДАРА, ведь вы, наверняка, никогда еще не дрались, вися в воздухе.",c,"Luck, dice, or random-outcome condition.",if
C0010,21,335,"Если вы победили его, то, отправившись дальше, натыкаетесь на чей-то сгнивший и изъеденный червями труп, валяющийся в кустах.",b,"Combat outcome, damage, reinforcement, fleeing, deadline, or combat modifier; handled separately from persistent story history.",if;prior_knowledge
C0011,23,359,"Все обходится благополучно, если не считать того, что дорога вскоре кончается, и вперед ведет узкая тропинка, почти незаметная среди травы.",e,"Narrative, counterfactual, quoted lore, or an immediate voluntary choice; no branch in this sentence depends on a prior deed.",if
C0012,23,359,"Но обратно вернуться уже нельзя (не тратить же заклятие Левитации, даже если оно у вас есть), и вы идете до самого ее конца — 438.",e,"Narrative, counterfactual, quoted lore, or an immediate voluntary choice; no branch in this sentence depends on a prior deed.",if
C0013,28,411,"Вы не можете понять, что означают эти слова и если это ответы, то на какие вопросы?",e,"Narrative, counterfactual, quoted lore, or an immediate voluntary choice; no branch in this sentence depends on a prior deed.",if
C0014,30,429,"Вы нагибаетесь, чтобы изучить устройство механизма и этим самым спасаете себе жизнь: если бы вы не нагнулись, то топор, спрятанный в дереве так, чтобы сработать на движение рычага, разрубил бы вам голову.",e,"Narrative, counterfactual, quoted lore, or an immediate voluntary choice; no branch in this sentence depends on a prior deed.",if
C0015,31,438,"Но когда вы собрались наклониться и посмотреть в окошечко (домик не выше вас), вдруг откуда-то послышался голос: «Поговори со мной, храбрый путешественник».",e,"Narrative, counterfactual, quoted lore, or an immediate voluntary choice; no branch in this sentence depends on a prior deed.",when
C0016,34,466,"Вы быстро выходите, пока Духи не передумали — 1074.",e,"Narrative, counterfactual, quoted lore, or an immediate voluntary choice; no branch in this sentence depends on a prior deed.",when
C0017,35,475,"Если хотите, то можете взять его шлем.",e,"Narrative, counterfactual, quoted lore, or an immediate voluntary choice; no branch in this sentence depends on a prior deed.",if
C0018,36,484,"Поэтому всякий раз, когда он ранит вас, вычитайте у себя не 2, а 4 ВЫНОСЛИВОСТИ.",b,"Combat outcome, damage, reinforcement, fleeing, deadline, or combat modifier; handled separately from persistent story history.",when
C0019,36,490,"Если вы убили его, то 63.",b,"Combat outcome, damage, reinforcement, fleeing, deadline, or combat modifier; handled separately from persistent story history.",if;prior_knowledge
C0020,38,518,"Если вы победили ее, то 1158.",b,"Combat outcome, damage, reinforcement, fleeing, deadline, or combat modifier; handled separately from persistent story history.",if;prior_knowledge
C0021,40,541,"Посмотреть бы, если бы змея не мешала.",e,"Narrative, counterfactual, quoted lore, or an immediate voluntary choice; no branch in this sentence depends on a prior deed.",if
C0022,40,543,"Так или иначе, а решение принимать надо.",e,"Narrative, counterfactual, quoted lore, or an immediate voluntary choice; no branch in this sentence depends on a prior deed.",otherwise
C0023,41,557,"Неудивительно: даже если бы они и знали, что вы пришли в себя, шансов выбрать из клетки у вас все равно нет.",a,"Item, money, spell, bag, or numerical resource condition; an acquisition verb alone does not make possession a story-history predicate.",if
C0024,43,578,"Пока Орки не успели понять, в чем дело, вы нападаете на них.",e,"Narrative, counterfactual, quoted lore, or an immediate voluntary choice; no branch in this sentence depends on a prior deed.",when
C0025,43,587,"Если хотите, можете воспользоваться заклятием Копии.",a,"Item, money, spell, bag, or numerical resource condition; an acquisition verb alone does not make possession a story-history predicate.",if
C0026,43,587,"Если убили обоих врагов за 10 раундов атаки, то 1082.",b,"Combat outcome, damage, reinforcement, fleeing, deadline, or combat modifier; handled separately from persistent story history.",if
C0027,43,587,"Если нет, то 1016.",b,"Combat outcome, damage, reinforcement, fleeing, deadline, or combat modifier; handled separately from persistent story history.",if
C0028,45,611,"Вы сразу понимаете, что это Принцесса, и сами удивляетесь тому, что узнали ее, хотя лишь раз мельком видели портрет: когда Король напутствовал вас в дорогу.",e,"Narrative, counterfactual, quoted lore, or an immediate voluntary choice; no branch in this sentence depends on a prior deed.",when
C0029,46,629,"Если вам удалось победить одного из рыцарей, то 98.",b,"Combat outcome, damage, reinforcement, fleeing, deadline, or combat modifier; handled separately from persistent story history.",if;prior_knowledge
C0030,48,651,"Старик радостно улыбается и говорит, что хотя он и не надеется дожить до того дня, когда силы Зла будут низвергнуты, но с радостью поможет отважному путешественнику.",e,"Narrative, counterfactual, quoted lore, or an immediate voluntary choice; no branch in this sentence depends on a prior deed.",when
C0031,49,667,"Если у вас нет столько денег, то вам придется отгонять ее мечом (744).",a,"Item, money, spell, bag, or numerical resource condition; an acquisition verb alone does not make possession a story-history predicate.",if
C0032,56,743,"Если вы знаете пароль, воспользуйтесь им, если же нет, то придется на ходу быстро придумать, что вы скажете стражам.",d,"Knowledge, promise, prior encounter, previous visit/action, or named character state; reviewed in STORY_STATE_TABLE.csv.",if;prior_knowledge
C0033,56,743,"Если у вас не хватает воображения, ну что ж, тогда сражайтесь (700).",e,"Narrative, counterfactual, quoted lore, or an immediate voluntary choice; no branch in this sentence depends on a prior deed.",if
C0034,58,772,"Если вы убили его, то можете взять бронзовый свисток из его кармана и отправляться дальше по тропинке в лес — 580.",b,"Combat outcome, damage, reinforcement, fleeing, deadline, or combat modifier; handled separately from persistent story history.",if;prior_knowledge
C0035,59,784,"Если вы торопитесь, то можете идти дальше вперед (1203), если же жажда мести берет верх, вы можете свернуть с дороги и сразиться с Оборотнем, чей силуэт виднеется неподалеку от того места, где упало дерево (506).",e,"Narrative, counterfactual, quoted lore, or an immediate voluntary choice; no branch in this sentence depends on a prior deed.",if
C0036,63,822,Но вы убили честного человека — потеряйте 1 УДАЧУ.,e,"Narrative, counterfactual, quoted lore, or an immediate voluntary choice; no branch in this sentence depends on a prior deed.",prior_knowledge
C0037,65,854,"Если вы их убили, то 666.",b,"Combat outcome, damage, reinforcement, fleeing, deadline, or combat modifier; handled separately from persistent story history.",if
C0038,67,878,"Если захотите ее продать, то просите за нее не больше 5 золотых.",e,"Narrative, counterfactual, quoted lore, or an immediate voluntary choice; no branch in this sentence depends on a prior deed.",if
C0039,67,878,"Если вы знаете, что это, то проделайте такое же сложение, если нет, придется уходить — 53.",d,"Knowledge, promise, prior encounter, previous visit/action, or named character state; reviewed in STORY_STATE_TABLE.csv.",if;prior_knowledge
C0040,69,905,"Когда вы добьете своих врагов, можете забрать у них бронзовый свисток и медный ключик, которые им больше не понадобятся, и продолжать путь — 19.",b,"Combat outcome, damage, reinforcement, fleeing, deadline, or combat modifier; handled separately from persistent story history.",when
C0041,70,918,"Если знаете, как открыть ее, то сделайте это, иначе либо придется идти к воротам (205), либо дальше в обход замка, пробивая себе дорогу через густые заросли — 525.",a,"Item, money, spell, bag, or numerical resource condition; an acquisition verb alone does not make possession a story-history predicate.",if;otherwise
C0042,71,928,"Если на пути вам встретится Орк, то исход битвы с ним будет предрешен — вы убиваете его прежде, чем он успевает защититься.",b,"Combat outcome, damage, reinforcement, fleeing, deadline, or combat modifier; handled separately from persistent story history.",if
C0043,71,928,"Однако, если врагов будет несколько, то с остальными вам придется драться.",b,"Combat outcome, damage, reinforcement, fleeing, deadline, or combat modifier; handled separately from persistent story history.",if
C0044,73,963,"Если вам удалось победить их, то 500.",b,"Combat outcome, damage, reinforcement, fleeing, deadline, or combat modifier; handled separately from persistent story history.",if;prior_knowledge
C0045,74,976,"Можете взять его с собой (когда он вам понадобится, прибавьте 750 к номеру параграфа, на котором будете находиться) и покинуть остров.",a,"Item, money, spell, bag, or numerical resource condition; an acquisition verb alone does not make possession a story-history predicate.",when
C0046,74,976,"Прибавьте себе 1 УДАЧУ, даже если вы еще ни разу не проверяли ее, — 614.",a,"Item, money, spell, bag, or numerical resource condition; an acquisition verb alone does not make possession a story-history predicate.",if
C0047,75,985,"Если вы сейчас съели все 6 бананов, то возьмите еще 6, но теперь только в заплечный мешок.",a,"Item, money, spell, bag, or numerical resource condition; an acquisition verb alone does not make possession a story-history predicate.",if
C0048,75,985,"Если такой случай представится, то продавайте не больше, чем за 2 золотых.",a,"Item, money, spell, bag, or numerical resource condition; an acquisition verb alone does not make possession a story-history predicate.",if
C0049,76,994,"Вам не очень понятен его смысл, но, может быть, когда-нибудь станет ясно, что имелось в виду.",e,"Narrative, counterfactual, quoted lore, or an immediate voluntary choice; no branch in this sentence depends on a prior deed.",when
C0050,76,994,"Если согласны на это, то 487, если же нет, то поблагодарите, возьмите шкуру оленя и уходите — 560.",e,"Narrative, counterfactual, quoted lore, or an immediate voluntary choice; no branch in this sentence depends on a prior deed.",if
C0051,80,1044,"Когда шли по дороге, чуть было не прошли мимо незаметной тропинки.",e,"Narrative, counterfactual, quoted lore, or an immediate voluntary choice; no branch in this sentence depends on a prior deed.",when
C0052,81,1054,"Если уже удалось разбудить Принцессу, то 1220.",d,"Knowledge, promise, prior encounter, previous visit/action, or named character state; reviewed in STORY_STATE_TABLE.csv.",if;prior_knowledge
C0053,81,1054,"Если же нет, то можете обратить внимание на побежденного врага (623) или осмотреть его кабинет: подойти к шкафу (797), к двери в противоположной стене (411), посмотреть карты на столе (850) или подойти к зеркалу (297).",d,"Knowledge, promise, prior encounter, previous visit/action, or named character state; reviewed in STORY_STATE_TABLE.csv.",if
C0054,88,1131,"Хозяин говорит, что до замка вы дойдете обязательно, если никуда не будете сворачивать, а будете все время прямо.",e,"Narrative, counterfactual, quoted lore, or an immediate voluntary choice; no branch in this sentence depends on a prior deed.",if
C0055,88,1131,"Когда ты наденешь его на палец, то станешь невидимым.",a,"Item, money, spell, bag, or numerical resource condition; an acquisition verb alone does not make possession a story-history predicate.",when
C0056,88,1133,"Теперь, когда вы захотите им воспользоваться, то, надев его на палец, вы просто проходите мимо через препятствие, и ваши незадачливые враги вас не заметят.",a,"Item, money, spell, bag, or numerical resource condition; an acquisition verb alone does not make possession a story-history predicate.",when
C0057,91,1175,"Если знаете как ее отпереть, пожалуйста, отпирайте.",a,"Item, money, spell, bag, or numerical resource condition; an acquisition verb alone does not make possession a story-history predicate.",if
C0058,91,1175,Иначе придется идти дальше по коридору — 671.,a,"Item, money, spell, bag, or numerical resource condition; an acquisition verb alone does not make possession a story-history predicate.",otherwise
C0059,93,1193,"А что, если оно сможет вытянуть вас из болота?",e,"Narrative, counterfactual, quoted lore, or an immediate voluntary choice; no branch in this sentence depends on a prior deed.",if
C0060,93,1193,"Если оно у вас есть, используйте его (130), если же нет, то ваше путешествие закончено…",a,"Item, money, spell, bag, or numerical resource condition; an acquisition verb alone does not make possession a story-history predicate.",if
C0061,94,1202,"Она поможет вам, если вы того желаете, отвезти Принцессу вместе с вами на волшебном коне домой, к ее отцу, но дело в том, что это возможно в том случае, когда у вас не будет возможности победить злого волшебника, и Барлад Дэрт останется жив.",d,"Knowledge, promise, prior encounter, previous visit/action, or named character state; reviewed in STORY_STATE_TABLE.csv.",if;when
C0062,94,1202,"Если нужно будет обратиться за помощью к волшебному коню, то посмотрите параграф 989 и фигурка спасет вас.",d,"Knowledge, promise, prior encounter, previous visit/action, or named character state; reviewed in STORY_STATE_TABLE.csv.",if
C0063,94,1202,А пока можете осмотреть стол (1098) или выйти через дверь в другом углу комнаты (1196).,e,"Narrative, counterfactual, quoted lore, or an immediate voluntary choice; no branch in this sentence depends on a prior deed.",when
C0064,95,1213,"Когда вам понадобится пароль, обратитесь к параграфу с этим номером, и вы войдете.",d,"Knowledge, promise, prior encounter, previous visit/action, or named character state; reviewed in STORY_STATE_TABLE.csv.",when
C0065,95,1213,"Если убьешь на поединке чужеземного рыцаря, промолчит и сон твой не нарушит.",e,"Narrative, counterfactual, quoted lore, or an immediate voluntary choice; no branch in this sentence depends on a prior deed.",if
C0066,95,1213,"Если же в бою врага со спины убьешь, разговорами замучит, пожалеешь, что родился».",e,"Narrative, counterfactual, quoted lore, or an immediate voluntary choice; no branch in this sentence depends on a prior deed.",if
C0067,95,1213,"Если знаете отгадку, поступите с ней так же, как и с предыдущими: прибавьте к результату 50 и посмотрите нужный параграф.",d,"Knowledge, promise, prior encounter, previous visit/action, or named character state; reviewed in STORY_STATE_TABLE.csv.",if
C0068,95,1213,"Если же нет, то придется уходить — 53.",d,"Knowledge, promise, prior encounter, previous visit/action, or named character state; reviewed in STORY_STATE_TABLE.csv.",if
C0069,96,1228,"Если вы победили врага, то путь вперед свободен, и вы бежите дальше по коридору, пока дорогу не преграждает дверь — 45.",b,"Combat outcome, damage, reinforcement, fleeing, deadline, or combat modifier; handled separately from persistent story history.",if;when;prior_knowledge
C0070,99,1263,"Надежда забилась у вас в груди, но радость тут же сменяется ужасом, когда вы видите двух Гоблинов, проверяющих капканы, поставленные на ночь.",e,"Narrative, counterfactual, quoted lore, or an immediate voluntary choice; no branch in this sentence depends on a prior deed.",when
C0071,100,1273,"Если хотите, воспользуйтесь заклятием Копии.",a,"Item, money, spell, bag, or numerical resource condition; an acquisition verb alone does not make possession a story-history predicate.",if
C0072,100,1290,"Если вы победили их, то можете либо поскорее уйти, опасаясь, что поблизости могут быть их друзья (452), либо обшарить карманы убитых (335).",b,"Combat outcome, damage, reinforcement, fleeing, deadline, or combat modifier; handled separately from persistent story history.",if;prior_knowledge
C0073,104,1333,"Если вы удачливы, то 30, если нет — 374.",c,"Luck, dice, or random-outcome condition.",if
C0074,110,1404,"Убив ее, можете осмотреть ее логово (1137) или, если опасаетесь, что в яме есть еще такие твари, быстро вылезете из нее и вернетесь на дорогу (397)?",b,"Combat outcome, damage, reinforcement, fleeing, deadline, or combat modifier; handled separately from persistent story history.",if
C0075,113,1447,"Между Орками разыгрывается спор, но в конце концов решают вас освободить, но с одним условием: если вы пройдете одно испытание — 781.",e,"Narrative, counterfactual, quoted lore, or an immediate voluntary choice; no branch in this sentence depends on a prior deed.",if
C0076,116,1474,"Когда перейдете на 1175 и будете сражаться со стражей, то можете уменьшить на 2 СИЛУ УДАРА любого из Орков.",b,"Combat outcome, damage, reinforcement, fleeing, deadline, or combat modifier; handled separately from persistent story history.",when
C0077,129,1607,"Если вы убили Гоблина, то, быстро обшарив его карманы, находите изящный бронзовый свисток.",b,"Combat outcome, damage, reinforcement, fleeing, deadline, or combat modifier; handled separately from persistent story history.",if;prior_knowledge
C0078,131,1636,"Если вы победили обоих стражей, то можете уйти обратно (1029), либо подойти к краю стены и посмотреть сквозь зубцы вниз (791).",b,"Combat outcome, damage, reinforcement, fleeing, deadline, or combat modifier; handled separately from persistent story history.",if;prior_knowledge
C0079,131,1636,"Если у вас есть заклятие Левитации, то можете подняться по воздуху вверх (836), или в какое-нибудь окно на вашем этаже: в окно справа (907) или в окно слева (1075).",a,"Item, money, spell, bag, or numerical resource condition; an acquisition verb alone does not make possession a story-history predicate.",if
C0080,132,1652,Если вы что-то хотите купить — покупайте.,e,"Narrative, counterfactual, quoted lore, or an immediate voluntary choice; no branch in this sentence depends on a prior deed.",if
C0081,132,1652,"Все, кроме молока и воды (если вам не в чем ее нести), можете съесть сразу или же взять с собой.",a,"Item, money, spell, bag, or numerical resource condition; an acquisition verb alone does not make possession a story-history predicate.",if
C0082,132,1652,"Если хотите, можете купить еще и заплечный мешок.",e,"Narrative, counterfactual, quoted lore, or an immediate voluntary choice; no branch in this sentence depends on a prior deed.",if
C0083,132,1652,"Однако два заплечных мешка нести неудобно, и если свой у вас еще с собой, вы должны будете оставить его в доме у торговца.",a,"Item, money, spell, bag, or numerical resource condition; an acquisition verb alone does not make possession a story-history predicate.",if
C0084,133,1662,"Вы уже на середине озера, когда внезапно замечаете стаю крупных рыб, плывущих наперерез.",e,"Narrative, counterfactual, quoted lore, or an immediate voluntary choice; no branch in this sentence depends on a prior deed.",when
C0085,134,1672,"И когда через пару месяцев кто-нибудь из Орков случайно забредет в эту комнату, он увидит трупы не только охранников, но и скончавшегося от голода узника…",e,"Narrative, counterfactual, quoted lore, or an immediate voluntary choice; no branch in this sentence depends on a prior deed.",when
C0086,135,1682,"Если да, то 166, если нет — 633.",a,"Item, money, spell, bag, or numerical resource condition; an acquisition verb alone does not make possession a story-history predicate.",if
C0087,140,1730,"Когда он будет нужен, прибавляйте 30 к номеру параграфа, на котором будет дверь, открываемая Золотым ключом.",a,"Item, money, spell, bag, or numerical resource condition; an acquisition verb alone does not make possession a story-history predicate.",when
C0088,143,1761,"Пока вы стоите в беспомощном состоянии, шпион злорадно разглядывает вас, явно думая развлечься, собираясь помучить свою жертву.",e,"Narrative, counterfactual, quoted lore, or an immediate voluntary choice; no branch in this sentence depends on a prior deed.",when
C0089,146,1809,"Если вы пришли с параграфа 205, то отправляйтесь на 933, если же с параграфа 56, то на 1054.",d,"Knowledge, promise, prior encounter, previous visit/action, or named character state; reviewed in STORY_STATE_TABLE.csv.",if
C0090,147,1819,"Пока лезете за короной и любуетесь ею, мама-птица бесшумно возвращается в гнездо покормить своих любимцев.",e,"Narrative, counterfactual, quoted lore, or an immediate voluntary choice; no branch in this sentence depends on a prior deed.",when
C0091,147,1821,"Отказываться от подарка нельзя, даже если вам неловко оттого, что вы уже взяли подарок — корону.",e,"Narrative, counterfactual, quoted lore, or an immediate voluntary choice; no branch in this sentence depends on a prior deed.",if
C0092,155,1900,"Если бы вы были более внимательны, то заметили бы, что все звериные следы не только сходятся к середине поляны, но и заканчиваются там.",e,"Narrative, counterfactual, quoted lore, or an immediate voluntary choice; no branch in this sentence depends on a prior deed.",if;prior_knowledge
C0093,155,1900,"Когда вы уже близки к этому месту, земля расступается под вашими ногами, и вы проваливаетесь вниз.",e,"Narrative, counterfactual, quoted lore, or an immediate voluntary choice; no branch in this sentence depends on a prior deed.",when
C0094,160,1955,"Прибавьте 2 к своей СИЛЕ УДАРА, когда будете драться — 46.",b,"Combat outcome, damage, reinforcement, fleeing, deadline, or combat modifier; handled separately from persistent story history.",when
C0095,162,1980,"Если вы убили Гоблина, возьмите его бронзовый свисток и перейдите мост — 568.",b,"Combat outcome, damage, reinforcement, fleeing, deadline, or combat modifier; handled separately from persistent story history.",if;prior_knowledge
C0096,163,1998,"Когда пойдешь туда, то увидишь пять дверей.",e,"Narrative, counterfactual, quoted lore, or an immediate voluntary choice; no branch in this sentence depends on a prior deed.",when
C0097,164,2009,"Пока перебирались через реку, успели заметить справа, ниже по реке, мост, который наверняка должен охраняться.",e,"Narrative, counterfactual, quoted lore, or an immediate voluntary choice; no branch in this sentence depends on a prior deed.",when
C0098,164,2009,"Ваше удивление еще больше возрастает, когда он ударяется о землю и превращается в юношу оруженосца.",e,"Narrative, counterfactual, quoted lore, or an immediate voluntary choice; no branch in this sentence depends on a prior deed.",when
C0099,165,2019,"Вы же переводите дух и идете вперед, пока не выходите на другую тропинку — 594.",e,"Narrative, counterfactual, quoted lore, or an immediate voluntary choice; no branch in this sentence depends on a prior deed.",when
C0100,169,2058,"Попробуете напасть на него, или если у вас нет арбуза, войдете в дом, показав Хозяину свой мешок?",a,"Item, money, spell, bag, or numerical resource condition; an acquisition verb alone does not make possession a story-history predicate.",if
C0101,171,2083,"Потом идете еще около двух часов без приключений, пока дорога не раздваивается.",e,"Narrative, counterfactual, quoted lore, or an immediate voluntary choice; no branch in this sentence depends on a prior deed.",when
C0102,174,2117,"Если вам удалось победить рыцаря, то идите по коридору дальше, пока не дойдете до двери — 45.",b,"Combat outcome, damage, reinforcement, fleeing, deadline, or combat modifier; handled separately from persistent story history.",if;when;prior_knowledge
C0103,176,2141,"Если пойдете на юг, то придете к тому, кто вас послал; если же на запад, то там таких как вы не любят.",e,"Narrative, counterfactual, quoted lore, or an immediate voluntary choice; no branch in this sentence depends on a prior deed.",if
C0104,176,2141,"Но, так или иначе, все же надо решать, куда идти — на запад (207), на юг (316) или пойдете дальше осматривать деревню (202).",e,"Narrative, counterfactual, quoted lore, or an immediate voluntary choice; no branch in this sentence depends on a prior deed.",otherwise
C0105,177,2158,"Если вы победили его, то сделали это как раз вовремя, так как навстречу вам выходит львица.",b,"Combat outcome, damage, reinforcement, fleeing, deadline, or combat modifier; handled separately from persistent story history.",if;prior_knowledge
C0106,182,2217,"Если убили его, то сделали это как раз вовремя, поскольку на его зов прибегает здоровенный Гоблин.",b,"Combat outcome, damage, reinforcement, fleeing, deadline, or combat modifier; handled separately from persistent story history.",if
C0107,182,2223,"Теперь вы знаете для чего они нужны, но, если хотите, можете взять один свисток для себя.",e,"Narrative, counterfactual, quoted lore, or an immediate voluntary choice; no branch in this sentence depends on a prior deed.",if;prior_knowledge
C0108,182,2233,"Если у вас нет ни того, ни другого, идите вдоль берега, на запад, откуда прибежал Гоблин — 589.",a,"Item, money, spell, bag, or numerical resource condition; an acquisition verb alone does not make possession a story-history predicate.",if
C0109,185,2268,"Если да, то о чем вы спросите его: как лучше попасть в Черный замок (442), где можно купить еду (340) или что находится поблизости от деревни (176)?",e,"Narrative, counterfactual, quoted lore, or an immediate voluntary choice; no branch in this sentence depends on a prior deed.",if
C0110,186,2280,"Потом слышатся грубые голоса орков, и вам приходится затаить дыхание, когда телега останавливается прямо возле них.",e,"Narrative, counterfactual, quoted lore, or an immediate voluntary choice; no branch in this sentence depends on a prior deed.",when
C0111,188,2302,"Если же все время идти налево, то насколько он знает, можно добраться до замка (Торговец рассказывает, что Черный замок действительно существует), и сам он по этой дороге не раз ходил.",e,"Narrative, counterfactual, quoted lore, or an immediate voluntary choice; no branch in this sentence depends on a prior deed.",if
C0112,188,2302,"Когда однажды он пытался войти в замок со своими товарами (его туда так и не пустили), то видел, как стража извлекла из воза с сеном какого-то человека, пытавшегося проникнуть в цитадель незамеченным.",e,"Narrative, counterfactual, quoted lore, or an immediate voluntary choice; no branch in this sentence depends on a prior deed.",when
C0113,189,2311,"Пока вы привыкали к свету, люк встал на место, и теперь вы не можете вспомнить, где он находился раньше.",e,"Narrative, counterfactual, quoted lore, or an immediate voluntary choice; no branch in this sentence depends on a prior deed.",when
C0114,192,2348,"Заклятие действует, и вы можете прибавлять 2 к своей СИЛЕ УДАРА, когда будете сражаться, — 532.",b,"Combat outcome, damage, reinforcement, fleeing, deadline, or combat modifier; handled separately from persistent story history.",when
C0115,193,2357,Теперь ковер можно сложить в заплечный мешок — он вам пока не понадобится.,e,"Narrative, counterfactual, quoted lore, or an immediate voluntary choice; no branch in this sentence depends on a prior deed.",when
C0116,193,2357,"Если свободных мест не хватает, то придется либо оставить ковер, либо выкинуть из мешка лишние вещи.",a,"Item, money, spell, bag, or numerical resource condition; an acquisition verb alone does not make possession a story-history predicate.",if
C0117,196,2392,"Когда последний из них занимает свое место, столы вдруг начинают светиться багрянцем, каким освещается горизонт на закате, когда солнце должно вот-вот скрыться.",e,"Narrative, counterfactual, quoted lore, or an immediate voluntary choice; no branch in this sentence depends on a prior deed.",when
C0118,197,2408,"Если вы победили медведицу, то выбираетесь из берлоги и идете дальше по дороге, которая уводит в глубь леса — 669.",b,"Combat outcome, damage, reinforcement, fleeing, deadline, or combat modifier; handled separately from persistent story history.",if;prior_knowledge
C0119,198,2420,"И он кидает на дорогу клубочек, который, как нетерпеливый котенок, начинает подпрыгивать и носиться взад и вперед, ожидая пока вы тронетесь в путь.",e,"Narrative, counterfactual, quoted lore, or an immediate voluntary choice; no branch in this sentence depends on a prior deed.",when
C0120,199,2429,"Потеряйте 9 ВЫНОСЛИВОСТЕЙ и, если еще живы, возвращайтесь на дорогу — 244.",a,"Item, money, spell, bag, or numerical resource condition; an acquisition verb alone does not make possession a story-history predicate.",if
C0121,202,2462,"Хотите попить (229), наполнить флягу, если она пуста (427), или не будете рисковать и пойдете дальше (599)?",a,"Item, money, spell, bag, or numerical resource condition; an acquisition verb alone does not make possession a story-history predicate.",if
C0122,203,2473,"Если вы удачливы, то 62, если же нет, то вам не удастся всплыть, как бы вы не старались.",c,"Luck, dice, or random-outcome condition.",if
C0123,205,2492,"Если знаете пароль, воспользуйтесь им, если же нет, то придется на ходу придумать, что им скажете.",d,"Knowledge, promise, prior encounter, previous visit/action, or named character state; reviewed in STORY_STATE_TABLE.csv.",if
C0124,220,2652,"Он вас предупреждает, что когда вы переберетесь через реку (а вам нужно будет это сделать), то на берегу вас будет ожидать охрана: парочка Гоблинов.",e,"Narrative, counterfactual, quoted lore, or an immediate voluntary choice; no branch in this sentence depends on a prior deed.",when
C0125,225,2700,"Теперь уходите подобру-поздорову, пока в сторожке ничего не заметили — 590.",e,"Narrative, counterfactual, quoted lore, or an immediate voluntary choice; no branch in this sentence depends on a prior deed.",when
C0126,226,2709,"Если у вас есть волшебный перстень, то вы знаете, что надо делать.",a,"Item, money, spell, bag, or numerical resource condition; an acquisition verb alone does not make possession a story-history predicate.",if;prior_knowledge
C0127,226,2709,"Если же нет, то разбудить Принцессу не удастся и вы можете либо подойти к зеркалу (1057), либо к столикам, на которых горят свечи (860).",a,"Item, money, spell, bag, or numerical resource condition; an acquisition verb alone does not make possession a story-history predicate.",if
C0128,227,2719,"Однако в последней комнате, когда собрались уходить, обнаруживаете в углу небольшой сундучок.",e,"Narrative, counterfactual, quoted lore, or an immediate voluntary choice; no branch in this sentence depends on a prior deed.",when
C0129,227,2719,"Однако, если возьмете коврик с собой, то он займет в вашем заплечном мешке целых три места, которые придется освободить, если они заняты.",a,"Item, money, spell, bag, or numerical resource condition; an acquisition verb alone does not make possession a story-history predicate.",if
C0130,227,2721,"Однако, если считаете, что это опасно, возьмите ковер для другого случая и шагайте по дороге дальше — 529.",e,"Narrative, counterfactual, quoted lore, or an immediate voluntary choice; no branch in this sentence depends on a prior deed.",if
C0131,228,2731,"Но, так или иначе, а выбор делать надо.",e,"Narrative, counterfactual, quoted lore, or an immediate voluntary choice; no branch in this sentence depends on a prior deed.",otherwise
C0132,230,2751,"Если остались живы, то скрывайтесь в лесу, где Дракон не может вас преследовать, — 70.",a,"Item, money, spell, bag, or numerical resource condition; an acquisition verb alone does not make possession a story-history predicate.",if
C0133,231,2760,"Вам срочно нужно грести к берегу, пока в корпус лодки не набралось много воды.",e,"Narrative, counterfactual, quoted lore, or an immediate voluntary choice; no branch in this sentence depends on a prior deed.",when
C0134,232,2774,"Когда поворачиваете налево, звезда ничего не показывает, но вернувшись на перекресток и выбрав путь прямо, звезда начинает излучать слабое свечение.",e,"Narrative, counterfactual, quoted lore, or an immediate voluntary choice; no branch in this sentence depends on a prior deed.",when
C0135,233,2785,"Если хотите, воспользуйтесь заклятием Копии, и выясните, кто же победит.",a,"Item, money, spell, bag, or numerical resource condition; an acquisition verb alone does not make possession a story-history predicate.",if
C0136,233,2791,"Если победитель вы, то можете забрать у ваших противников бронзовый свисток и медный ключик, которые им больше не понадобятся, и отправляться дальше — 19.",b,"Combat outcome, damage, reinforcement, fleeing, deadline, or combat modifier; handled separately from persistent story history.",if
C0137,235,2823,"Если победили, то идите дальше по тропинке — 228.",b,"Combat outcome, damage, reinforcement, fleeing, deadline, or combat modifier; handled separately from persistent story history.",if
C0138,239,2867,"Если победили, то возвращайтесь на 143 и выберите что-нибудь другое.",b,"Combat outcome, damage, reinforcement, fleeing, deadline, or combat modifier; handled separately from persistent story history.",if
C0139,243,2944,"Когда вы пытаетесь поднять тарелку, то кажется, что она держится в воздухе сама!",e,"Narrative, counterfactual, quoted lore, or an immediate voluntary choice; no branch in this sentence depends on a prior deed.",when
C0140,244,2957,"День уже клонится к вечеру, когда вы выходите на опушку леса.",e,"Narrative, counterfactual, quoted lore, or an immediate voluntary choice; no branch in this sentence depends on a prior deed.",when
C0141,248,2999,"Ваше удивление возрастает, когда рыбка начинает разговаривать с вами человеческим голосом: «Здравствуй, добрый путник!",e,"Narrative, counterfactual, quoted lore, or an immediate voluntary choice; no branch in this sentence depends on a prior deed.",when
C0142,250,3032,"Если вы убили обоих Гоблинов, то можете взять у них бронзовый свисток и отправляться по дороге вдоль реки — 19.",b,"Combat outcome, damage, reinforcement, fleeing, deadline, or combat modifier; handled separately from persistent story history.",if;prior_knowledge
C0143,260,3148,"Если вы победили его, то 600.",b,"Combat outcome, damage, reinforcement, fleeing, deadline, or combat modifier; handled separately from persistent story history.",if;prior_knowledge
C0144,260,3148,"Если хотите, во время боя можете покинуть таверну и бежать (1209).",b,"Combat outcome, damage, reinforcement, fleeing, deadline, or combat modifier; handled separately from persistent story history.",if
C0145,261,3160,"Вы выходите из своего укрытия и успеваете сделать знак человеку, чтобы тот пока отдохнул.",e,"Narrative, counterfactual, quoted lore, or an immediate voluntary choice; no branch in this sentence depends on a prior deed.",when
C0146,261,3166,"Если победили за два или три раунда атаки, то 520, если за это время не убили его — 8.",b,"Combat outcome, damage, reinforcement, fleeing, deadline, or combat modifier; handled separately from persistent story history.",if
C0147,262,3185,"Если вы победили стража, можете войти в ворота — 933.",b,"Combat outcome, damage, reinforcement, fleeing, deadline, or combat modifier; handled separately from persistent story history.",if;prior_knowledge
C0148,272,3287,"Ваше путешествие с того момента, когда вы вошли в лес, продолжается уже достаточно долго.",e,"Narrative, counterfactual, quoted lore, or an immediate voluntary choice; no branch in this sentence depends on a prior deed.",when
C0149,272,3289,Одно только вы знаете точно — вы неизбежно приближаетесь к Замку.,e,"Narrative, counterfactual, quoted lore, or an immediate voluntary choice; no branch in this sentence depends on a prior deed.",prior_knowledge
C0150,274,3312,"Но, так или иначе, а выбор делать надо.",e,"Narrative, counterfactual, quoted lore, or an immediate voluntary choice; no branch in this sentence depends on a prior deed.",otherwise
C0151,276,3330,"— Когда я последний раз выходил из дому, никакой тропинки не было».",e,"Narrative, counterfactual, quoted lore, or an immediate voluntary choice; no branch in this sentence depends on a prior deed.",when
C0152,278,3347,"Когда вы задаете свой вопрос, один из Орков невозмутимо дергает рычаг под столом, и вы летите куда-то вниз.",e,"Narrative, counterfactual, quoted lore, or an immediate voluntary choice; no branch in this sentence depends on a prior deed.",when
C0153,278,3349,"Когда вы падаете, то от удара теряете сознание (и 2 ВЫНОСЛИВОСТИ)…",e,"Narrative, counterfactual, quoted lore, or an immediate voluntary choice; no branch in this sentence depends on a prior deed.",when
C0154,281,3386,"Она говорит, что очень грустит по нему, и просит передать ему весточку, если встретите его и если он еще жив.",d,"Knowledge, promise, prior encounter, previous visit/action, or named character state; reviewed in STORY_STATE_TABLE.csv.",if
C0155,281,3386,"Если вы захотите передать привет медведю, когда встретите его, загляните в параграф 612.",d,"Knowledge, promise, prior encounter, previous visit/action, or named character state; reviewed in STORY_STATE_TABLE.csv.",if;when
C0156,282,3396,"Пока вы не можете понять, куда ведет дорога, по которой вы идете, но уж, наверняка, ближе к замку.",e,"Narrative, counterfactual, quoted lore, or an immediate voluntary choice; no branch in this sentence depends on a prior deed.",when
C0157,282,3396,"Пойдете по дороге дальше (397) или решите, что если идти напролом через лес, то глядишь — и выйдешь к замку (110)?",e,"Narrative, counterfactual, quoted lore, or an immediate voluntary choice; no branch in this sentence depends on a prior deed.",if
C0158,284,3416,"Дверь мягко закрывается, когда вы пробуете снова ее открыть, то она поддается.",e,"Narrative, counterfactual, quoted lore, or an immediate voluntary choice; no branch in this sentence depends on a prior deed.",when
C0159,284,3416,"На много этажей вниз опускаетесь по темной лестнице, пока, наконец, не упираетесь в такую же дверь.",e,"Narrative, counterfactual, quoted lore, or an immediate voluntary choice; no branch in this sentence depends on a prior deed.",when
C0160,289,3468,"Оборотень говорит вам, если идти все время прямо, можно достигнуть ворот Черного замка, и скрывается в лесу.",e,"Narrative, counterfactual, quoted lore, or an immediate voluntary choice; no branch in this sentence depends on a prior deed.",if
C0161,289,3470,"ЕСЛИ ВЫ УДАЧЛИВЫ, то 59, если же нет, то дерево падает прямо на вас раньше, чем вы успеваете понять, что происходит.",c,"Luck, dice, or random-outcome condition.",if
C0162,297,3561,"Если вы уже делали и то, и другое, то 489.",d,"Knowledge, promise, prior encounter, previous visit/action, or named character state; reviewed in STORY_STATE_TABLE.csv.",if
C0163,302,3629,"Если есть, то не забудьте засунуть ковер-самолет в мешок (который занимает три места в заплечном мешочке) и попытайтесь открыть потайную дверь.",a,"Item, money, spell, bag, or numerical resource condition; an acquisition verb alone does not make possession a story-history predicate.",if;explicit_history
C0164,306,3678,"Если хотите, возьмите рукопись себе.",e,"Narrative, counterfactual, quoted lore, or an immediate voluntary choice; no branch in this sentence depends on a prior deed.",if
C0165,306,3678,"Наверное, ее можно как-то прочитать, и возможно вы знаете, как.",e,"Narrative, counterfactual, quoted lore, or an immediate voluntary choice; no branch in this sentence depends on a prior deed.",prior_knowledge
C0166,322,3833,"К тому же вам лучше поторопиться уйти, ведь если появится хозяин коня, то он вряд ли скажет вам спасибо — 181.",e,"Narrative, counterfactual, quoted lore, or an immediate voluntary choice; no branch in this sentence depends on a prior deed.",if
C0167,324,3853,"Магия возникла еще в древности, когда люди стали замечать странные необъяснимые явления, приписываемые действиям магических сил.",e,"Narrative, counterfactual, quoted lore, or an immediate voluntary choice; no branch in this sentence depends on a prior deed.",when
C0168,324,3855,"Однако человек может колдовать только в том случае, если он сам верит в свою способность добиваться сверхъестественного результата с помощью сверхъестественных сил.",e,"Narrative, counterfactual, quoted lore, or an immediate voluntary choice; no branch in this sentence depends on a prior deed.",if
C0169,325,3867,"Когда надо будет воспользоваться услугами птички, то вычитайте 50 из номеров тех параграфов, где будут развилки.",e,"Narrative, counterfactual, quoted lore, or an immediate voluntary choice; no branch in this sentence depends on a prior deed.",when
C0170,329,3905,"Когда вы уже теряете надежду выбраться, вам приходит мысль использовать заклятие Левитации.",e,"Narrative, counterfactual, quoted lore, or an immediate voluntary choice; no branch in this sentence depends on a prior deed.",when
C0171,329,3905,"Если у вас есть заклятие — 432, если нет, то, увы, как вы ни стараетесь, болото не выпустит вас.",a,"Item, money, spell, bag, or numerical resource condition; an acquisition verb alone does not make possession a story-history predicate.",if
C0172,330,3918,"А однажды, когда Барлад Дэрт только вторгся в Зачарованный лес, в лесу жили три волшебника.",e,"Narrative, counterfactual, quoted lore, or an immediate voluntary choice; no branch in this sentence depends on a prior deed.",when
C0173,335,3965,"Если когда-нибудь понадобится каменный Кентавр, то обращайтесь к параграфу 434, а если понадобится огнетушитель — к параграфу 225.",a,"Item, money, spell, bag, or numerical resource condition; an acquisition verb alone does not make possession a story-history predicate.",if;when
C0174,336,3978,"Если удачливы, то 422, если нет — 24.",c,"Luck, dice, or random-outcome condition.",if
C0175,339,4009,"Если знаете, как расшифровать их, сделайте это, если же нет, то придется уходить (425).",a,"Item, money, spell, bag, or numerical resource condition; an acquisition verb alone does not make possession a story-history predicate.",if
C0176,340,4022,"Сделайте необходимые покупки и, если хотите, покиньте деревню по одной из двух дорог: на запад (207) или на юг (316) или оставайтесь в деревне еще (202).",e,"Narrative, counterfactual, quoted lore, or an immediate voluntary choice; no branch in this sentence depends on a prior deed.",if
C0177,341,4033,"Вы произносите заклятие и превращаетесь, как кажется деревенской детворе, в человека, которого вы встретили, когда вошли в деревню.",e,"Narrative, counterfactual, quoted lore, or an immediate voluntary choice; no branch in this sentence depends on a prior deed.",when
C0178,341,4033,"На лицах ребят написано удивление и страх, но когда вы опять принимаете свой истинный облик, в их глазах начинают светиться озорные огоньки.",e,"Narrative, counterfactual, quoted lore, or an immediate voluntary choice; no branch in this sentence depends on a prior deed.",when
C0179,343,4051,"Если да, то 867, если же нет, можете попробовать или взломать ее (1206), или выйти в другую дверь: правую (1003) или среднюю (987).",a,"Item, money, spell, bag, or numerical resource condition; an acquisition verb alone does not make possession a story-history predicate.",if
C0180,345,4073,"Если у вас есть шкура лисы, то покажите ее как образец и проходите (933), если же нет, ни одна другая вещь из вашего заплечного мешка не привлечет их внимания, и вам придется драться (208).",a,"Item, money, spell, bag, or numerical resource condition; an acquisition verb alone does not make possession a story-history predicate.",if
C0181,348,4101,"Если вы удачливы, то 464, если нет — 537.",c,"Luck, dice, or random-outcome condition.",if
C0182,349,4113,"Если понадобится предъявить его, вычтете 40 из номера параграфа, на котором будете находиться.",a,"Item, money, spell, bag, or numerical resource condition; an acquisition verb alone does not make possession a story-history predicate.",if
C0183,349,4115,"Начальник стражи может проводить вас до лестницы, если скажете ему, что вам надо на 4-й этаж (754), или же уходите через одну из трех дверей — 1046.",e,"Narrative, counterfactual, quoted lore, or an immediate voluntary choice; no branch in this sentence depends on a prior deed.",if
C0184,354,4163,Если бы и дальше все было так же легко!,e,"Narrative, counterfactual, quoted lore, or an immediate voluntary choice; no branch in this sentence depends on a prior deed.",if
C0185,355,4174,"Если вы все еще удивляетесь причудам Зачарованного леса, то наверняка подумали, откуда здесь пальмы.",e,"Narrative, counterfactual, quoted lore, or an immediate voluntary choice; no branch in this sentence depends on a prior deed.",if
C0186,355,4174,"Более того, если вы голодны, то можете попытаться залезть на пальму и достать банан — (543), если же нет, то продолжайте свой путь по тропинке (973).",e,"Narrative, counterfactual, quoted lore, or an immediate voluntary choice; no branch in this sentence depends on a prior deed.",if
C0187,356,4184,"Вы решаете испытать звезду: когда подносите ее к средней двери, звезда начинает ярко светиться.",e,"Narrative, counterfactual, quoted lore, or an immediate voluntary choice; no branch in this sentence depends on a prior deed.",when
C0188,361,4233,"Когда вы входили, то видели табличку на двери «Игорный зал».",e,"Narrative, counterfactual, quoted lore, or an immediate voluntary choice; no branch in this sentence depends on a prior deed.",when
C0189,361,4233,"Он требует пропуска и говорит, что иначе через комнату не пройти.",a,"Item, money, spell, bag, or numerical resource condition; an acquisition verb alone does not make possession a story-history predicate.",otherwise
C0190,365,4274,"Если вам нечего больше поставить, то вам придется уйти (919).",a,"Item, money, spell, bag, or numerical resource condition; an acquisition verb alone does not make possession a story-history predicate.",if
C0191,366,4284,"Вы можете либо свернуть по тропинке налево (483), либо пойти прямо (549), либо попробовать свернуть направо, если вам кажется, что так вы скорей достигнете цели (473).",e,"Narrative, counterfactual, quoted lore, or an immediate voluntary choice; no branch in this sentence depends on a prior deed.",if
C0192,368,4311,"Если деретесь с ним, стоя на земле, вычитайте 1 из своей СИЛЫ УДАРА.",b,"Combat outcome, damage, reinforcement, fleeing, deadline, or combat modifier; handled separately from persistent story history.",if
C0193,368,4311,"Если же вы хотите драться с ним на равных, то ПРОВЕРЬТЕ СВОЮ УДАЧУ.",c,"Luck, dice, or random-outcome condition.",if
C0194,368,4311,"Если вы удачливы, то вам удается оседлать коня первого рыцаря, и ваша СИЛА УДАРА не изменится, если же нет — драться все же придется, стоя на земле.",c,"Luck, dice, or random-outcome condition.",if
C0195,368,4311,"Если вы победили рыцаря, то — 482.",b,"Combat outcome, damage, reinforcement, fleeing, deadline, or combat modifier; handled separately from persistent story history.",if;prior_knowledge
C0196,372,4355,Если хотите.,e,"Narrative, counterfactual, quoted lore, or an immediate voluntary choice; no branch in this sentence depends on a prior deed.",if
C0197,372,4361,Если победили — 311.,b,"Combat outcome, damage, reinforcement, fleeing, deadline, or combat modifier; handled separately from persistent story history.",if
C0198,373,4374,"Но вы еще больше удивляетесь, когда видите, что к стенам коридора приделаны канделябры, изображающие человеческие руки, держащие свечи.",e,"Narrative, counterfactual, quoted lore, or an immediate voluntary choice; no branch in this sentence depends on a prior deed.",when
C0199,377,4410,"Если вы удачливы, то 123.",c,"Luck, dice, or random-outcome condition.",if
C0200,377,4410,"Если не удачливы, то вы падаете вниз головой и ломаете позвоночник.",c,"Luck, dice, or random-outcome condition.",if
C0201,378,4421,"Если попробуете отвязать и оседлать коня, то 497, если двинетесь дальше — 181.",e,"Narrative, counterfactual, quoted lore, or an immediate voluntary choice; no branch in this sentence depends on a prior deed.",if
C0202,379,4431,"Теперь же они успокоились и рассказывают, что если вы хотите попасть в замок, то лучше идти в открытую, чем прятаться.",e,"Narrative, counterfactual, quoted lore, or an immediate voluntary choice; no branch in this sentence depends on a prior deed.",if
C0203,379,4431,"Когда однажды они пытались продать дрова и войти в замок с ними (их туда так и не пустили), то видели, как стража извлекала из воза с сеном какого-то человека, пытавшегося проникнуть в цитадель незамеченным.",e,"Narrative, counterfactual, quoted lore, or an immediate voluntary choice; no branch in this sentence depends on a prior deed.",when
C0204,385,4495,"Если вы ему поверили, то, когда увидите дерево, прибавьте 910 к номеру параграфа, на котором будете находиться, и попробуйте поискать клад.",d,"Knowledge, promise, prior encounter, previous visit/action, or named character state; reviewed in STORY_STATE_TABLE.csv.",if;when
C0205,388,4522,"Если у вас есть Оберег, то 26.",a,"Item, money, spell, bag, or numerical resource condition; an acquisition verb alone does not make possession a story-history predicate.",if
C0206,388,4524,"Если есть серебряный сосуд, то 739.",a,"Item, money, spell, bag, or numerical resource condition; an acquisition verb alone does not make possession a story-history predicate.",if
C0207,388,4524,"Если вам нечего вытащить из своего мешка, придется драться.",a,"Item, money, spell, bag, or numerical resource condition; an acquisition verb alone does not make possession a story-history predicate.",if
C0208,388,4524,"Если хотите, попробуйте наложить заклятие Огня (450), заклятие Копии (911).",a,"Item, money, spell, bag, or numerical resource condition; an acquisition verb alone does not make possession a story-history predicate.",if
C0209,388,4539,"Если вы перебили Зеленых рыцарей, то можете либо осмотреть комнату: подойти к шкафу (94) или к бумагам на столе (1098), либо выйти через дверь, через которую вошли рыцари (1196).",b,"Combat outcome, damage, reinforcement, fleeing, deadline, or combat modifier; handled separately from persistent story history.",if
C0210,389,4559,"Если хотите, можете съесть сразу.",e,"Narrative, counterfactual, quoted lore, or an immediate voluntary choice; no branch in this sentence depends on a prior deed.",if
C0211,389,4559,"Но заброшен он или нет, пока еще не видно.",e,"Narrative, counterfactual, quoted lore, or an immediate voluntary choice; no branch in this sentence depends on a prior deed.",when
C0212,390,4569,"Когда Черный маг захватил лес, они были на охоте и ни о чем не знали.",e,"Narrative, counterfactual, quoted lore, or an immediate voluntary choice; no branch in this sentence depends on a prior deed.",when
C0213,390,4569,"Что это значит, они не знают, но надеются, что вы доберетесь до ненавистного чародея, и дарят вам зеркальце и золотой амулет (если он будет нужен, вычтете 333 из номера параграфа, на котором будете находиться).",a,"Item, money, spell, bag, or numerical resource condition; an acquisition verb alone does not make possession a story-history predicate.",if
C0214,390,4569,"Они просят, если вы его встретите, передать ему, что они живы и на свободе, и говорят, что если вам нужна будет его помощь, скажите ему:",d,"Knowledge, promise, prior encounter, previous visit/action, or named character state; reviewed in STORY_STATE_TABLE.csv.",if
C0215,390,4571,"Если вы решили, что встретили их друга, вычтете 35 из номера того параграфа, где вы будете находиться, и попробуйте, если хотите, передать ему послание беглецов.",d,"Knowledge, promise, prior encounter, previous visit/action, or named character state; reviewed in STORY_STATE_TABLE.csv.",if
C0216,391,4586,"Если у вас есть водолазный костюм, можете воспользоваться им — 1004.",a,"Item, money, spell, bag, or numerical resource condition; an acquisition verb alone does not make possession a story-history predicate.",if
C0217,393,4610,"Но сейчас столовая пуста, и вы можете не торопясь осмотреть ее, если только не боитесь, что кто-нибудь войдет.",e,"Narrative, counterfactual, quoted lore, or an immediate voluntary choice; no branch in this sentence depends on a prior deed.",if
C0218,393,4610,"Может быть, когда-нибудь вы узнаете, почему все двери в замке будут закрываться за вашей спиной, но пока есть только один путь — вперед.",e,"Narrative, counterfactual, quoted lore, or an immediate voluntary choice; no branch in this sentence depends on a prior deed.",when
C0219,398,4664,"Вероятно, вы бы не обратили на них никакого внимания, если бы они не направлялись в вашу сторону.",e,"Narrative, counterfactual, quoted lore, or an immediate voluntary choice; no branch in this sentence depends on a prior deed.",if
C0220,398,4666,"Но уж совсем вы опешили, когда самый смелый из детишек попросил показать им нечто вроде фокуса.",e,"Narrative, counterfactual, quoted lore, or an immediate voluntary choice; no branch in this sentence depends on a prior deed.",when
C0221,399,4678,"Если она у вас есть, следуйте к параграфу 325, если нет, то вы говорите, что отказываетесь от подарка.",a,"Item, money, spell, bag, or numerical resource condition; an acquisition verb alone does not make possession a story-history predicate.",if
C0222,402,4714,"Вам удается только долететь до середины озера, когда заклятие перестает действовать.",e,"Narrative, counterfactual, quoted lore, or an immediate voluntary choice; no branch in this sentence depends on a prior deed.",when
C0223,402,4716,"Теперь скорее накладывайте еще одно заклятие Левитации или Плавания (641), иначе упадете в воду (32).",a,"Item, money, spell, bag, or numerical resource condition; an acquisition verb alone does not make possession a story-history predicate.",otherwise
C0224,410,4792,"Можете наполнить флягу, если она пуста (пользуйтесь этой водой так же, как и той, что была у вас в начале путешествия).",a,"Item, money, spell, bag, or numerical resource condition; an acquisition verb alone does not make possession a story-history predicate.",if
C0225,411,4801,"Если у вас есть золотая стрела, вы можете попробовать открыть дверь с соответствующим рисунком (1053).",a,"Item, money, spell, bag, or numerical resource condition; an acquisition verb alone does not make possession a story-history predicate.",if
C0226,411,4801,"Если же нет, то эта дверь останется неприступна.",a,"Item, money, spell, bag, or numerical resource condition; an acquisition verb alone does not make possession a story-history predicate.",if
C0227,411,4801,"Если уже сделали и то, и другое, тогда 489.",d,"Knowledge, promise, prior encounter, previous visit/action, or named character state; reviewed in STORY_STATE_TABLE.csv.",if
C0228,412,4814,"Если есть веревка, то 375, иначе или придется обойти скалу, если еще не делали этого (214), или пойти по другой дороге, вернувшись на развилку (424).",d,"Knowledge, promise, prior encounter, previous visit/action, or named character state; reviewed in STORY_STATE_TABLE.csv.",if;otherwise
C0229,412,4814,"Если есть заклятие Левитации, то можете с его помощью перелететь скалу (405).",a,"Item, money, spell, bag, or numerical resource condition; an acquisition verb alone does not make possession a story-history predicate.",if
C0230,414,4840,"Вы можете, если хотите, свернуть с дороги и поискать в лесу другую, которая шла бы в нужном направлении (1207), или продолжать идти по этой (446).",e,"Narrative, counterfactual, quoted lore, or an immediate voluntary choice; no branch in this sentence depends on a prior deed.",if
C0231,415,4850,"Если оно у вас есть и вы хотите истратить его на медвежонка, то 84.",a,"Item, money, spell, bag, or numerical resource condition; an acquisition verb alone does not make possession a story-history predicate.",if
C0232,415,4850,"Если же нет или не хотите, то вы обманули надежды медведицы, и вам придется драться с ней — 197.",a,"Item, money, spell, bag, or numerical resource condition; an acquisition verb alone does not make possession a story-history predicate.",if
C0233,416,4860,"Вернитесь на 1366 и сделайте самостоятельно выбор, но учтите: если вы свернете, клубочек укатится.",a,"Item, money, spell, bag, or numerical resource condition; an acquisition verb alone does not make possession a story-history predicate.",if
C0234,417,4875,"Если убили его, то идите дальше по тропинке — 228.",b,"Combat outcome, damage, reinforcement, fleeing, deadline, or combat modifier; handled separately from persistent story history.",if
C0235,418,4887,"Если удачливы, то 179, если же нет, то последнее, что вы увидите в этой жизни, будет громадный черный валун, настигающий вас, и буквы Б и Д, горящие на нем и закрывающие от вас небо…",c,"Luck, dice, or random-outcome condition.",if
C0236,421,4917,"Если вы раньше встречались с ней, то должны знать, что она — вампир.",e,"Narrative, counterfactual, quoted lore, or an immediate voluntary choice; no branch in this sentence depends on a prior deed.",if;explicit_history
C0237,421,4917,"Если вы удачливы, то 577, если же нет, то вы даже не успеваете встать.",c,"Luck, dice, or random-outcome condition.",if
C0238,422,4928,"Пока приходите в себя после пережитого, они бесшумно скрываются в лесу.",e,"Narrative, counterfactual, quoted lore, or an immediate voluntary choice; no branch in this sentence depends on a prior deed.",when
C0239,425,4957,"Если вы все еще ориентируетесь в лесу, то без труда определите, в нужную сторону она идет или нет.",e,"Narrative, counterfactual, quoted lore, or an immediate voluntary choice; no branch in this sentence depends on a prior deed.",if
C0240,425,4957,"Если вы голодны, то можете попытаться поймать его и восстановить свои силы (184), если же нет, то продолжайте свой путь (360).",e,"Narrative, counterfactual, quoted lore, or an immediate voluntary choice; no branch in this sentence depends on a prior deed.",if
C0241,429,5005,"Если вы убили Гоблина, то 572.",b,"Combat outcome, damage, reinforcement, fleeing, deadline, or combat modifier; handled separately from persistent story history.",if;prior_knowledge
C0242,430,5017,"Когда вы подходите ближе, то видите, что они растут вокруг небольшого водоема.",e,"Narrative, counterfactual, quoted lore, or an immediate voluntary choice; no branch in this sentence depends on a prior deed.",when
C0243,430,5025,"Если у вас есть водолазный костюм, то — 396.",a,"Item, money, spell, bag, or numerical resource condition; an acquisition verb alone does not make possession a story-history predicate.",if
C0244,435,5075,"Если вы действительно уже встречали кого-то из их знакомых, то сложите порядковые номера букв, составляющих его имя, прибавьте, прибавьте к этому «30» и посмотрите параграф с этим номером.",d,"Knowledge, promise, prior encounter, previous visit/action, or named character state; reviewed in STORY_STATE_TABLE.csv.",if;explicit_history
C0245,435,5075,"Если же вы обманули их, то ваш обман непременно откроется, и лучше уж самому начать бой — 100.",d,"Knowledge, promise, prior encounter, previous visit/action, or named character state; reviewed in STORY_STATE_TABLE.csv.",if
C0246,436,5084,"Если вы удачливы, то 456, если же нет, то паук затягивает вас на дерево, и вам приходится драться с ним.",c,"Luck, dice, or random-outcome condition.",if
C0247,436,5090,"Если вы победили, то 351.",b,"Combat outcome, damage, reinforcement, fleeing, deadline, or combat modifier; handled separately from persistent story history.",if;prior_knowledge
C0248,437,5107,"Он отскакивает назад, а вас появляется время, чтобы, если хотите успеть наложить заклятие.",e,"Narrative, counterfactual, quoted lore, or an immediate voluntary choice; no branch in this sentence depends on a prior deed.",if
C0249,437,5109,"Можете, если есть желание, попробовать убежать (230).",e,"Narrative, counterfactual, quoted lore, or an immediate voluntary choice; no branch in this sentence depends on a prior deed.",if
C0250,439,5134,"— если отгадаешь загадку, подарок тебе сделаю, не отгадаешь — не солоно хлебавши уйдешь».",d,"Knowledge, promise, prior encounter, previous visit/action, or named character state; reviewed in STORY_STATE_TABLE.csv.",if
C0251,439,5134,"Если вы отгадали загадку, то, конечно же, поняли о чем или о ком идет речь.",d,"Knowledge, promise, prior encounter, previous visit/action, or named character state; reviewed in STORY_STATE_TABLE.csv.",if
C0252,439,5134,"Если же не отгадали, как ни грустно, а придется уходить по дорожке, ведущей от дома (53).",d,"Knowledge, promise, prior encounter, previous visit/action, or named character state; reviewed in STORY_STATE_TABLE.csv.",if
C0253,440,5149,"Если вы убили дракона, то подберите золотой ключ, упавший с его шеи (прибавляйте 30 к номеру параграфа, на котором ключ понадобится), — 353.",b,"Combat outcome, damage, reinforcement, fleeing, deadline, or combat modifier; handled separately from persistent story history.",if;prior_knowledge
C0254,442,5171,"Примете его предложение (186) или откажетесь и пойдете дальше разглядывать деревню (202) или, если хотите, покинете деревню по одной из двух дорог: на запад (207), на юг (316)?",e,"Narrative, counterfactual, quoted lore, or an immediate voluntary choice; no branch in this sentence depends on a prior deed.",if
C0255,444,5194,"Если хотите, то можете теперь подойти к другому полотну (1006) или уйти из комнаты (507).",e,"Narrative, counterfactual, quoted lore, or an immediate voluntary choice; no branch in this sentence depends on a prior deed.",if
C0256,448,5249,"Если вы победили, — 351.",b,"Combat outcome, damage, reinforcement, fleeing, deadline, or combat modifier; handled separately from persistent story history.",if;prior_knowledge
C0257,451,5282,"Но учтите: если вы свернете, клубочек укатится, и вам придется дальше идти без него.",a,"Item, money, spell, bag, or numerical resource condition; an acquisition verb alone does not make possession a story-history predicate.",if
C0258,454,5318,"Если у вас нет ничего подходящего или вы не хотите ничего отдавать, то сражайтесь — 3.",a,"Item, money, spell, bag, or numerical resource condition; an acquisition verb alone does not make possession a story-history predicate.",if
C0259,455,5334,"Но если удалось победить, то 811.",b,"Combat outcome, damage, reinforcement, fleeing, deadline, or combat modifier; handled separately from persistent story history.",if
C0260,456,5353,"Если вы победили, то 351.",b,"Combat outcome, damage, reinforcement, fleeing, deadline, or combat modifier; handled separately from persistent story history.",if;prior_knowledge
C0261,457,5365,"Если вы встретите одного или нескольких Зеленых рыцарей, зажмите жемчужину между двумя ладонями так, что бы они видели ее.",b,"Combat outcome, damage, reinforcement, fleeing, deadline, or combat modifier; handled separately from persistent story history.",if
C0262,457,5365,"Так будет продолжаться, пока у вас не наберется 12 глаз, после чего действие черной жемчужины прекратится.",b,"Combat outcome, damage, reinforcement, fleeing, deadline, or combat modifier; handled separately from persistent story history.",when
C0263,458,5374,"Потом она просит передать привет разбойникам, если вы их встретите.",d,"Knowledge, promise, prior encounter, previous visit/action, or named character state; reviewed in STORY_STATE_TABLE.csv.",if
C0264,459,5383,"Когда вы попадаете в темный коридор на другой стороне, предусмотрительно прихватив с собой свечку, дверь за вашей спиной тихо встает на место, и вы не можете даже сказать, где она была раньше — 930.",e,"Narrative, counterfactual, quoted lore, or an immediate voluntary choice; no branch in this sentence depends on a prior deed.",when
C0265,461,5403,"Но передвигаться приходиться в полной темноте около двух часов, пока он не заканчивается каким-то люком.",e,"Narrative, counterfactual, quoted lore, or an immediate voluntary choice; no branch in this sentence depends on a prior deed.",when
C0266,464,5435,"Если есть веревка, то (530).",a,"Item, money, spell, bag, or numerical resource condition; an acquisition verb alone does not make possession a story-history predicate.",if
C0267,464,5435,"Если нет ни веревки, ни заклятия — 472.",a,"Item, money, spell, bag, or numerical resource condition; an acquisition verb alone does not make possession a story-history predicate.",if
C0268,465,5446,"Когда вам удается выровнять курс, то вы оказываетесь по другую сторону замка, т. е. вы облетаете его с другой стороны.",e,"Narrative, counterfactual, quoted lore, or an immediate voluntary choice; no branch in this sentence depends on a prior deed.",when
C0269,465,5450,"Когда вы останавливаетесь у стен Черного Замка, то видите, что солнце уже совсем низко и скоро зайдет за горизонт.",e,"Narrative, counterfactual, quoted lore, or an immediate voluntary choice; no branch in this sentence depends on a prior deed.",when
C0270,468,5481,"Вы понимаете свою ошибку — это враги, а спрятаться уже некуда (если есть черная жемчужина — действуйте!",a,"Item, money, spell, bag, or numerical resource condition; an acquisition verb alone does not make possession a story-history predicate.",if
C0271,470,5505,"Вычитайте 2 из СИЛЫ УДАРА одного из гоблинов, когда будете сражаться — 536.",b,"Combat outcome, damage, reinforcement, fleeing, deadline, or combat modifier; handled separately from persistent story history.",when
C0272,471,5514,"В небольшом сундучке, стоящем под кроватью, находите 8 золотых, медный браслет, новый заплечный мешок (вы его можете взять в том случае, если у вас нет своего, либо свой мешок вы оставите здесь, либо отведете для него 2 места в вашем заплечном мешке) и связку разных ключей, из которых вы можете взять один с миниатюрным рельефным изображением Черного замка.",a,"Item, money, spell, bag, or numerical resource condition; an acquisition verb alone does not make possession a story-history predicate.",if
C0273,473,5531,"Если вы выбрали дорогу направо, то вам не повезло.",e,"Narrative, counterfactual, quoted lore, or an immediate voluntary choice; no branch in this sentence depends on a prior deed.",if
C0274,473,5531,"Если хотите, можете свернуть с дороги и поискать другую (561), или идите дальше (22).",e,"Narrative, counterfactual, quoted lore, or an immediate voluntary choice; no branch in this sentence depends on a prior deed.",if
C0275,474,5547,"Если вы победили паука, то можете поискать его логово — 550.",b,"Combat outcome, damage, reinforcement, fleeing, deadline, or combat modifier; handled separately from persistent story history.",if;prior_knowledge
C0276,478,5586,"Каждый раз, когда вы будете встречаться с врагом, вам потребуются все силы, чтобы подавить в себе ужас перед ним.",e,"Narrative, counterfactual, quoted lore, or an immediate voluntary choice; no branch in this sentence depends on a prior deed.",when
C0277,479,5595,"Если он понадобится вам, отнимите 140 из номера параграфа, на котором тогда будете.",a,"Item, money, spell, bag, or numerical resource condition; an acquisition verb alone does not make possession a story-history predicate.",if
C0278,481,5625,"Если вы победили ее, то поторопитесь выйти в дверь, скрытую за портьерой, висящей справа от вас — 912.",b,"Combat outcome, damage, reinforcement, fleeing, deadline, or combat modifier; handled separately from persistent story history.",if;prior_knowledge
C0279,486,5685,"Если вы побелили их, то наградой вам будет всего 1 золотой в кармане первого дровосека.",b,"Combat outcome, damage, reinforcement, fleeing, deadline, or combat modifier; handled separately from persistent story history.",if
C0280,487,5700,"Если захотите использовать его, прибавьте 40 к номеру параграфа, на котором будет находиться дверь, и если ее можно открыть перстнем, она откроется.",a,"Item, money, spell, bag, or numerical resource condition; an acquisition verb alone does not make possession a story-history predicate.",if
C0281,488,5711,"Вам же ничего не остается, как идти назад, но когда вы проходите два поворота, и вот-вот должен показаться третий, перед вами вырастает глухая стена.",e,"Narrative, counterfactual, quoted lore, or an immediate voluntary choice; no branch in this sentence depends on a prior deed.",when
C0282,488,5711,"Если вы не хотите умереть с голода или сойти с ума и прыгнуть в реку, вы, конечно, попытаетесь выбраться отсюда.",e,"Narrative, counterfactual, quoted lore, or an immediate voluntary choice; no branch in this sentence depends on a prior deed.",if
C0283,489,5723,"Когда дверь распахивается, вы видите, что врагов слишком много — нападают сразу двенадцать Зеленых рыцарей во главе с Бароном.",e,"Narrative, counterfactual, quoted lore, or an immediate voluntary choice; no branch in this sentence depends on a prior deed.",when
C0284,490,5731,"Вам удается пересечь пустое пространство без потерь, если не считать того, что вы стукаетесь головой о противоположную стенку.",e,"Narrative, counterfactual, quoted lore, or an immediate voluntary choice; no branch in this sentence depends on a prior deed.",if
C0285,497,5797,"Если вы удачливы, то 51, если нет — 322.",c,"Luck, dice, or random-outcome condition.",if
C0286,501,5848,"Если вы удачливы, то 263, если же нет, то 569.",c,"Luck, dice, or random-outcome condition.",if
C0287,505,5900,"Пока сражались, лодку унесло течением.",e,"Narrative, counterfactual, quoted lore, or an immediate voluntary choice; no branch in this sentence depends on a prior deed.",when
C0288,506,5918,"Если вы убили Оборотня, то можете снять с его шеи Оберег и надеть на себя.",b,"Combat outcome, damage, reinforcement, fleeing, deadline, or combat modifier; handled separately from persistent story history.",if;prior_knowledge
C0289,515,6020,"Вероятно, не надо было двигаться в обход замка: ведь если не рискнуть войти в ворота, то вряд ли представится другая возможность преодолеть высокие мрачные стены.",e,"Narrative, counterfactual, quoted lore, or an immediate voluntary choice; no branch in this sentence depends on a prior deed.",if
C0290,520,6073,"Вы тоже можете забыть о нем, но если он был не один, то с другими вам придется разбираться другими средствами.",b,"Combat outcome, damage, reinforcement, fleeing, deadline, or combat modifier; handled separately from persistent story history.",if
C0291,521,6084,"Если оно у вас есть, то 326, если же нет, то ваше путешествие окончено…",a,"Item, money, spell, bag, or numerical resource condition; an acquisition verb alone does not make possession a story-history predicate.",if
C0292,522,6095,"Когда захотите этим воспользоваться, то просто обратите обратно на врага заклятие, которое он наложил на вас.",b,"Combat outcome, damage, reinforcement, fleeing, deadline, or combat modifier; handled separately from persistent story history.",when
C0293,527,6140,"Когда она видит зеркальце, то лицо ее искажается злобой.",e,"Narrative, counterfactual, quoted lore, or an immediate voluntary choice; no branch in this sentence depends on a prior deed.",when
C0294,528,6153,"Если вы победили, то 267.",b,"Combat outcome, damage, reinforcement, fleeing, deadline, or combat modifier; handled separately from persistent story history.",if;prior_knowledge
C0295,532,6198,"Если удалось дважды ранить Дракона, то 437.",b,"Combat outcome, damage, reinforcement, fleeing, deadline, or combat modifier; handled separately from persistent story history.",if
C0296,534,6221,"Теперь, если придется выбираться из замка, а в комнате будет открытое окно, вы можете позвать его, посмотрев параграф 1138.",d,"Knowledge, promise, prior encounter, previous visit/action, or named character state; reviewed in STORY_STATE_TABLE.csv.",if
C0297,534,6221,"Теперь, если ваше Мастерство равно 9 или меньше, то.",a,"Item, money, spell, bag, or numerical resource condition; an acquisition verb alone does not make possession a story-history predicate.",if
C0298,534,6221,"Иначе, — 750.",a,"Item, money, spell, bag, or numerical resource condition; an acquisition verb alone does not make possession a story-history predicate.",otherwise
C0299,535,6239,"Если у вас ничего нет, то, как ни жаль, придется уходить — 354.",a,"Item, money, spell, bag, or numerical resource condition; an acquisition verb alone does not make possession a story-history predicate.",if
C0300,536,6266,"Если победили, то 257.",b,"Combat outcome, damage, reinforcement, fleeing, deadline, or combat modifier; handled separately from persistent story history.",if
C0301,539,6303,"Если хотите, можете свернуть на нее (452), или все же не будете сворачивать и пойдете дальше (460).",e,"Narrative, counterfactual, quoted lore, or an immediate voluntary choice; no branch in this sentence depends on a prior deed.",if
C0302,542,6338,"Когда будете драться мечом Зеленого рыцаря, то прибавляйте себе каждый раз 1 МАСТЕРСТВО.",b,"Combat outcome, damage, reinforcement, fleeing, deadline, or combat modifier; handled separately from persistent story history.",when
C0303,547,6389,"Если это так, то почему она еще не сработала?",e,"Narrative, counterfactual, quoted lore, or an immediate voluntary choice; no branch in this sentence depends on a prior deed.",if
C0304,555,6480,"Пока переходите мост, вас замечает охрана, которая уже ждет на дороге.",e,"Narrative, counterfactual, quoted lore, or an immediate voluntary choice; no branch in this sentence depends on a prior deed.",when
C0305,557,6502,"Когда ваши опасения не оправдываются, вы вроде немного успокаиваетесь, но вам неудержимо хочется сойти с этой дороги и поискать другую.",e,"Narrative, counterfactual, quoted lore, or an immediate voluntary choice; no branch in this sentence depends on a prior deed.",when
C0306,558,6512,"Если хотите, можете прислониться к сырой стене и отдохнуть (410) или поспешите дальше (219).",e,"Narrative, counterfactual, quoted lore, or an immediate voluntary choice; no branch in this sentence depends on a prior deed.",if
C0307,559,6524,"Когда начинаете жалеть, что связались с этим деревом, впереди забрезжил свет.",e,"Narrative, counterfactual, quoted lore, or an immediate voluntary choice; no branch in this sentence depends on a prior deed.",when
C0308,561,6543,"Пока искали дорогу, лишились 1 ВЫНОСЛИВОСТИ.",e,"Narrative, counterfactual, quoted lore, or an immediate voluntary choice; no branch in this sentence depends on a prior deed.",when
C0309,566,6595,"Вы медленно идете вперед, пока не видите человека в грязной и потрепанной одежде, лежащего на краю дороги.",e,"Narrative, counterfactual, quoted lore, or an immediate voluntary choice; no branch in this sentence depends on a prior deed.",when
C0310,567,6618,"Если вам удалось убить Гоблинов и остаться в живых, то можете забрать у них бронзовый свисток и медный ключик, которые им больше не понадобятся, и продолжать путь — 19.",b,"Combat outcome, damage, reinforcement, fleeing, deadline, or combat modifier; handled separately from persistent story history.",if;prior_knowledge
C0311,574,6691,"Если у вас есть банан, чтобы умилостивить Обезьяну, то 154, если же нет, то вам придется драться с ней, и победитель воспользуется тенью — 38.",a,"Item, money, spell, bag, or numerical resource condition; an acquisition verb alone does not make possession a story-history predicate.",if
C0312,575,6701,"Когда вы увидите замок, обратитесь к параграфу 1148, если, конечно, будет такое желание, и воспользуйтесь помощью крота.",a,"Item, money, spell, bag, or numerical resource condition; an acquisition verb alone does not make possession a story-history predicate.",if;when
C0313,582,6777,"Сначала вы не можете понять, почему он блестит на солнце, но когда подходите ближе, то видите, что он из чистого золота.",e,"Narrative, counterfactual, quoted lore, or an immediate voluntary choice; no branch in this sentence depends on a prior deed.",when
C0314,588,6846,"Если же вы убиваете и второго гоблина, то остальные решают не искушать свою судьбу и убегают, выпрыгнув в окно.",b,"Combat outcome, damage, reinforcement, fleeing, deadline, or combat modifier; handled separately from persistent story history.",if
C0315,590,6871,"Так или иначе, надо искать вход.",e,"Narrative, counterfactual, quoted lore, or an immediate voluntary choice; no branch in this sentence depends on a prior deed.",otherwise
C0316,592,6892,"Если у вас есть ковер самолет, то 653, если нет, тогда придется просто выйти из бани — 955.",a,"Item, money, spell, bag, or numerical resource condition; an acquisition verb alone does not make possession a story-history predicate.",if
C0317,596,6935,"Лодки на берегу нет, и, если все же хотите перебраться через озеро, придется либо воспользоваться заклятием Плавания (57), либо заклятием Левитации (579).",a,"Item, money, spell, bag, or numerical resource condition; an acquisition verb alone does not make possession a story-history predicate.",if
C0318,600,6979,"Если вы взяли с собой огниво и свечу, то прибавьте 10 к номеру параграфа, на котором вам надо будет зажечь ее.",a,"Item, money, spell, bag, or numerical resource condition; an acquisition verb alone does not make possession a story-history predicate.",if
C0319,605,7028,"И теперь, когда умерли от голода, они откроют дверь и заберут ваше тело…",e,"Narrative, counterfactual, quoted lore, or an immediate voluntary choice; no branch in this sentence depends on a prior deed.",when
C0320,608,7064,"Если у вас есть серебряный сосуд, то 728.",a,"Item, money, spell, bag, or numerical resource condition; an acquisition verb alone does not make possession a story-history predicate.",if
C0321,608,7064,Иначе придется биться с ними — 805.,a,"Item, money, spell, bag, or numerical resource condition; an acquisition verb alone does not make possession a story-history predicate.",otherwise
C0322,612,7104,"Если вам в замке нужна будет помощь в бою, вас стоит позвонить в этот колокольчик, и медведь придет, где бы вы не находились.",a,"Item, money, spell, bag, or numerical resource condition; an acquisition verb alone does not make possession a story-history predicate.",if
C0323,612,7104,"Если вам нужно будет это сделать, прибавьте 40 к номеру параграфа, на котором будете находиться.",a,"Item, money, spell, bag, or numerical resource condition; an acquisition verb alone does not make possession a story-history predicate.",if
C0324,614,7127,"Если у вас есть еще заклятия Плавания или Левитации, используйте их и достигните другого берега озера (581).",a,"Item, money, spell, bag, or numerical resource condition; an acquisition verb alone does not make possession a story-history predicate.",if
C0325,614,7127,"Если же нет, то фруктов вам хватит надолго, и вы еще сможете узнать, кто охраняет золотой апельсин и для чего он нужен.",a,"Item, money, spell, bag, or numerical resource condition; an acquisition verb alone does not make possession a story-history predicate.",if
C0326,616,7150,"Выбрав правый коридор, вы успеваете сделать по нему всего несколько шагов, когда тяжелая железная решетка падает за вашей спиной.",e,"Narrative, counterfactual, quoted lore, or an immediate voluntary choice; no branch in this sentence depends on a prior deed.",when
C0327,617,7164,"Если вы убили его, то сделали это как раз вовремя: из погреба с бутылкой вина поднимается Гоблин.",b,"Combat outcome, damage, reinforcement, fleeing, deadline, or combat modifier; handled separately from persistent story history.",if;prior_knowledge
C0328,617,7170,"Во время этого боя вы, если хотите, можете попробовать убежать (165).",b,"Combat outcome, damage, reinforcement, fleeing, deadline, or combat modifier; handled separately from persistent story history.",if
C0329,617,7172,"Если вы убили Гоблина, то 1140.",b,"Combat outcome, damage, reinforcement, fleeing, deadline, or combat modifier; handled separately from persistent story history.",if;prior_knowledge
C0330,618,7192,"Если вы победили Призрака, то он исчезает, а вы можете либо уйти от греха подальше (вернувшись на 1082 и выбрав что-нибудь более приятное), либо осмотреть сундуки у противоположной стены.",b,"Combat outcome, damage, reinforcement, fleeing, deadline, or combat modifier; handled separately from persistent story history.",if;prior_knowledge
C0331,620,7216,"Если вы думаете, Гоблины с Орками не догонят вас, то возможно окажитесь правы, хотя точный ответ не узнаете никогда.",e,"Narrative, counterfactual, quoted lore, or an immediate voluntary choice; no branch in this sentence depends on a prior deed.",if
C0332,620,7216,"Вас догнал целый рой дротиков, брошенный ими в то время, когда вы собирались убежать.",e,"Narrative, counterfactual, quoted lore, or an immediate voluntary choice; no branch in this sentence depends on a prior deed.",when
C0333,621,7224,"Если у вас есть чем открыть дверь, сделайте это, иначе придется идти в другую дверь: в левую (782), в среднюю (1157).",a,"Item, money, spell, bag, or numerical resource condition; an acquisition verb alone does not make possession a story-history predicate.",if;otherwise
C0334,624,7257,"Нужно теперь быстро уходить пока охрана не нашла вас, ведь наверняка, там уже подняли тревогу.",e,"Narrative, counterfactual, quoted lore, or an immediate voluntary choice; no branch in this sentence depends on a prior deed.",when
C0335,625,7268,"Если вы не можете расплатиться, 1142.",a,"Item, money, spell, bag, or numerical resource condition; an acquisition verb alone does not make possession a story-history predicate.",if
C0336,625,7268,"Если можете, то делайте это быстрей и больше не рискуйте и уходите — 919.",a,"Item, money, spell, bag, or numerical resource condition; an acquisition verb alone does not make possession a story-history predicate.",if
C0337,627,7290,"Когда вы склоняетесь над Принцессой, свет свечи падает на рубин перстня, и камень оживает.",e,"Narrative, counterfactual, quoted lore, or an immediate voluntary choice; no branch in this sentence depends on a prior deed.",when
C0338,627,7290,"Если волшебник жив, то 1120, если же он мертв, то 1220.",d,"Knowledge, promise, prior encounter, previous visit/action, or named character state; reviewed in STORY_STATE_TABLE.csv.",if
C0339,628,7300,"Если хотите, воспользуйтесь заклятием Копии.",a,"Item, money, spell, bag, or numerical resource condition; an acquisition verb alone does not make possession a story-history predicate.",if
C0340,628,7306,"Если убили его за три раунда атаки, то сражайтесь с двумя остальными.",b,"Combat outcome, damage, reinforcement, fleeing, deadline, or combat modifier; handled separately from persistent story history.",if
C0341,628,7308,"Если же нет, то через три раунда оставшиеся два Орка приходят на помощь своему предводителю, и вам придется биться с тремя сразу.",b,"Combat outcome, damage, reinforcement, fleeing, deadline, or combat modifier; handled separately from persistent story history.",if
C0342,628,7317,"Если после всего этого вы еще остались живы, то можете переступить через тела своих поверженных противников и войти в ворота — 1054.",b,"Combat outcome, damage, reinforcement, fleeing, deadline, or combat modifier; handled separately from persistent story history.",if
C0343,629,7331,"Когда вы оказываетесь уже почти на середине реки, вдруг замечаете лодку, плывущую навстречу по течению.",e,"Narrative, counterfactual, quoted lore, or an immediate voluntary choice; no branch in this sentence depends on a prior deed.",when
C0344,639,7432,"Если есть желание, то можете причалить к берегу: тогда к какому?",e,"Narrative, counterfactual, quoted lore, or an immediate voluntary choice; no branch in this sentence depends on a prior deed.",if
C0345,639,7434,"Если не хотите, тогда проплывите под мостом и плывите дальше по течению (272).",e,"Narrative, counterfactual, quoted lore, or an immediate voluntary choice; no branch in this sentence depends on a prior deed.",if
C0346,642,7463,"Так или иначе, надо двигаться вперед, другого выхода нет.",e,"Narrative, counterfactual, quoted lore, or an immediate voluntary choice; no branch in this sentence depends on a prior deed.",otherwise
C0347,649,7529,"Если врагов несколько, с остальными придется драться на мечах.",b,"Combat outcome, damage, reinforcement, fleeing, deadline, or combat modifier; handled separately from persistent story history.",if
C0348,655,7583,"Когда вы перейдете на 628 и будете сражаться с Орками, то можете уменьшить на 2 СИЛУ УДАРА любого из них.",b,"Combat outcome, damage, reinforcement, fleeing, deadline, or combat modifier; handled separately from persistent story history.",when
C0349,656,7600,"Если же решили драться с ним на мечах и победили его, то 35.",b,"Combat outcome, damage, reinforcement, fleeing, deadline, or combat modifier; handled separately from persistent story history.",if
C0350,658,7630,"Если у вас ничего нет, то пройти не удастся и вам придется задержаться — 900.",a,"Item, money, spell, bag, or numerical resource condition; an acquisition verb alone does not make possession a story-history predicate.",if
C0351,660,7652,"Если вы когда-нибудь захотите воспользоваться потайной лестницей из кабинета волшебника, подойдите к зеркалу и вычтите 13 из номера того параграфа, на котором будете находиться.",d,"Knowledge, promise, prior encounter, previous visit/action, or named character state; reviewed in STORY_STATE_TABLE.csv.",if;when
C0352,660,7652,"То же самое можете сделать, если надо будет от Принцессы попасть к магу — 740.",d,"Knowledge, promise, prior encounter, previous visit/action, or named character state; reviewed in STORY_STATE_TABLE.csv.",if
C0353,664,7691,"Придется либо возвращаться в комнату, либо, если вы хотите, можете прыгнуть вниз — 1127.",e,"Narrative, counterfactual, quoted lore, or an immediate voluntary choice; no branch in this sentence depends on a prior deed.",if
C0354,666,7710,"Ваши противники мертвы, и вы теперь можете, если хотите, воспользоваться их лодкой.",b,"Combat outcome, damage, reinforcement, fleeing, deadline, or combat modifier; handled separately from persistent story history.",if
C0355,668,7733,"Вы не успеете выйти ему навстречу, даже если захотите, поэтому вылезайте из укрытия и идите дальше — 546.",e,"Narrative, counterfactual, quoted lore, or an immediate voluntary choice; no branch in this sentence depends on a prior deed.",if
C0356,670,7752,"Шум водопада, который вы слышали раньше, усиливается.",e,"Narrative, counterfactual, quoted lore, or an immediate voluntary choice; no branch in this sentence depends on a prior deed.",prior_knowledge
C0357,670,7752,"Если хотите жить, скорее плывите к берегу — 509.",e,"Narrative, counterfactual, quoted lore, or an immediate voluntary choice; no branch in this sentence depends on a prior deed.",if
C0358,672,7774,"Если у вас есть перо павлина, достаньте его (1200), если же нет, посмотрите, кто сидит за следующей решеткой — 819.",a,"Item, money, spell, bag, or numerical resource condition; an acquisition verb alone does not make possession a story-history predicate.",if
C0359,674,7793,"Когда подносите ее к левому проходу, она начинает излучать свет.",e,"Narrative, counterfactual, quoted lore, or an immediate voluntary choice; no branch in this sentence depends on a prior deed.",when
C0360,675,7803,"Если согласны, то отдайте ему деньги, и он нальет вам тарелку горячих щей.",a,"Item, money, spell, bag, or numerical resource condition; an acquisition verb alone does not make possession a story-history predicate.",if
C0361,678,7833,"Вы знаете, что лев — символ силы и мощи, царь зверей, а раз царь, значит, у него должна быть корона.",e,"Narrative, counterfactual, quoted lore, or an immediate voluntary choice; no branch in this sentence depends on a prior deed.",prior_knowledge
C0362,678,7833,"Вы подходите к двери и толкаете ее кончиком меча, но лев, как ни странно, не проявляет никаких признаков агрессии, если не считать блеск его глаз, провожающих вас до угла коридора — 1078.",e,"Narrative, counterfactual, quoted lore, or an immediate voluntary choice; no branch in this sentence depends on a prior deed.",if
C0363,684,7897,"Если вы убили его, то можете либо поискать выход с башни (1029), либо подойдете к краю стены и посмотрите сквозь зубцы вниз (791), либо, если, конечно, у вас есть еще одно заклинание Левитации, подняться по воздуху вверх (836), в окно справа (907) или в окно слева (1075).",b,"Combat outcome, damage, reinforcement, fleeing, deadline, or combat modifier; handled separately from persistent story history.",if;prior_knowledge
C0364,687,7931,"Если у вас есть свой, можете попробовать отпереть замок.",a,"Item, money, spell, bag, or numerical resource condition; an acquisition verb alone does not make possession a story-history predicate.",if
C0365,687,7931,"Если же ничего подходящего не имеется, — придется уходить в другую дверь — 1009.",a,"Item, money, spell, bag, or numerical resource condition; an acquisition verb alone does not make possession a story-history predicate.",if
C0366,688,7942,"Однако если вам когда-нибудь снова придется осмотреть трон где-нибудь в другом месте, то прибавьте 400 к номеру параграфа, на котором будете осматривать трон.",d,"Knowledge, promise, prior encounter, previous visit/action, or named character state; reviewed in STORY_STATE_TABLE.csv.",if;when
C0367,690,7971,"Но если у вас есть заклятие Левитации, то можете попробовать влететь в окно повыше (1192).",a,"Item, money, spell, bag, or numerical resource condition; an acquisition verb alone does not make possession a story-history predicate.",if
C0368,694,8009,"Если знаете, как ее открыть, можете сделать это.",a,"Item, money, spell, bag, or numerical resource condition; an acquisition verb alone does not make possession a story-history predicate.",if
C0369,694,8009,Иначе придется выйти в одну из двух оставшихся дверей — 1046.,a,"Item, money, spell, bag, or numerical resource condition; an acquisition verb alone does not make possession a story-history predicate.",otherwise
C0370,695,8018,"Если вы согласны на это, то скажите им, хотите ли пойти наверх (834) или вниз (786), иначе же можете просто выйти из гарема и идти в другую сторону — 394.",e,"Narrative, counterfactual, quoted lore, or an immediate voluntary choice; no branch in this sentence depends on a prior deed.",if;otherwise
C0371,696,8029,"Если здесь есть воздух, значит должен быть и выход, через который воздух проникает в проход.",e,"Narrative, counterfactual, quoted lore, or an immediate voluntary choice; no branch in this sentence depends on a prior deed.",if
C0372,696,8029,"Если есть свеча или светильник, зажгите их, в противном случае придется идти в полной темноте, на ощупь.",a,"Item, money, spell, bag, or numerical resource condition; an acquisition verb alone does not make possession a story-history predicate.",if;otherwise
C0373,698,8048,"Но когда по вашим расчетам вот-вот можно будет попасть в комнату, откуда слуги берут воду, вы внезапно ударяетесь о невидимую решетку и чувствуете, что начинаете тонуть.",e,"Narrative, counterfactual, quoted lore, or an immediate voluntary choice; no branch in this sentence depends on a prior deed.",when
C0374,698,8050,"Если да, то 813.",a,"Item, money, spell, bag, or numerical resource condition; an acquisition verb alone does not make possession a story-history predicate.",if
C0375,698,8050,"Если нет, то решетка пропустит только ваш труп, который послужит хорошей пищей Гоблинам и Оркам…",a,"Item, money, spell, bag, or numerical resource condition; an acquisition verb alone does not make possession a story-history predicate.",if
C0376,707,8140,"Сначала на ее лице улыбка, но когда она видит вас, лицо мгновенно меняется.",e,"Narrative, counterfactual, quoted lore, or an immediate voluntary choice; no branch in this sentence depends on a prior deed.",when
C0377,710,8169,"Но, если хотите, можете сначала поговорить с поварами (812).",e,"Narrative, counterfactual, quoted lore, or an immediate voluntary choice; no branch in this sentence depends on a prior deed.",if
C0378,710,8169,"Вряд ли разумно сразу совать свой нос в сундук, даже если вам безумно любопытно, что там, ведь на кухне есть посторонние.",e,"Narrative, counterfactual, quoted lore, or an immediate voluntary choice; no branch in this sentence depends on a prior deed.",if
C0379,712,8188,"Когда уже собирались идти обратно, то неожиданно заметили кнопку в стене на уровне ваших глаз.",e,"Narrative, counterfactual, quoted lore, or an immediate voluntary choice; no branch in this sentence depends on a prior deed.",when
C0380,713,8198,"Когда пришли в себя, то обнаруживаете, что вы уже на берегу — 590.",e,"Narrative, counterfactual, quoted lore, or an immediate voluntary choice; no branch in this sentence depends on a prior deed.",when
C0381,716,8226,"Так или иначе, вы замечаете, что заброшенных тропинок пока не попадается: по всем ходят много и часто.",e,"Narrative, counterfactual, quoted lore, or an immediate voluntary choice; no branch in this sentence depends on a prior deed.",otherwise;when
C0382,717,8242,"Если вы пользуетесь заклятием Силы, увеличьте на 2 свою СИЛУ УДАРА, если заклятием Слабости, уменьшите на 2 СИЛУ УДАРА любого из Гоблинов.",b,"Combat outcome, damage, reinforcement, fleeing, deadline, or combat modifier; handled separately from persistent story history.",if
C0383,717,8251,"Если вы справились с ними, то можете взять бронзовый свисток и идти дальше по дороге в лес — 583.",b,"Combat outcome, damage, reinforcement, fleeing, deadline, or combat modifier; handled separately from persistent story history.",if
C0384,723,8324,"Сила его от Дьявола, и не вам поражать его слабостью, а ваша сила если и возрастет, то и его увеличится на столько же.",b,"Combat outcome, damage, reinforcement, fleeing, deadline, or combat modifier; handled separately from persistent story history.",if
C0385,725,8342,"Дверь заперта (если есть Золотой свисток, то 142).",a,"Item, money, spell, bag, or numerical resource condition; an acquisition verb alone does not make possession a story-history predicate.",if
C0386,725,8342,"Если хотите взломать ее, то бросайте оба кубика до тех пор, пока у вас не выпадет 1–1 или 6–6.",c,"Luck, dice, or random-outcome condition.",if;when
C0387,725,8342,"Если вы сломали дверь, то 1215, а если решили бросить эту затею, то можете попробовать открыть дверь за вашей спиной (393) или слева от вас (246).",c,"Luck, dice, or random-outcome condition.",if
C0388,726,8354,"За ней лестница, она освещена, и вам приходится несколько минут постоять, пока глаза привыкнут к свету.",e,"Narrative, counterfactual, quoted lore, or an immediate voluntary choice; no branch in this sentence depends on a prior deed.",when
C0389,730,8395,"Вас, к счастью, он пока не заметил.",e,"Narrative, counterfactual, quoted lore, or an immediate voluntary choice; no branch in this sentence depends on a prior deed.",when
C0390,730,8397,"Пока осматриваетесь, проходит пара минут, но этого оказывается достаточно, что бы вы стали более заметным для окружающих.",e,"Narrative, counterfactual, quoted lore, or an immediate voluntary choice; no branch in this sentence depends on a prior deed.",when
C0391,733,8433,"Несмотря на то, что он только ранил вас, когда вы повернулись к нему спиной (потеряйте 2 ВЫНОСЛИВОСТИ), бегство не удалось.",b,"Combat outcome, damage, reinforcement, fleeing, deadline, or combat modifier; handled separately from persistent story history.",when
C0392,736,8460,"Теперь вы будете всегда удачливы, и вам не нужно будет проверять ее, когда будут об этом спрашивать, — 750.",c,"Luck, dice, or random-outcome condition.",when
C0393,737,8475,"Если вы победили его за 5 раундов атаки, то 391, если же за это время вы не смогли его одолеть, то — 182.",b,"Combat outcome, damage, reinforcement, fleeing, deadline, or combat modifier; handled separately from persistent story history.",if;prior_knowledge
C0394,738,8488,"Но так или иначе, кнопку вы нажали и теперь видите, что стена перед вами стала подниматься вверх, открывая проход в короткий коридор, в конце которого дверь.",e,"Narrative, counterfactual, quoted lore, or an immediate voluntary choice; no branch in this sentence depends on a prior deed.",otherwise
C0395,739,8500,"Когда он рассеивается, Зеленые рыцари оказываются мертвы — газ их задушил.",e,"Narrative, counterfactual, quoted lore, or an immediate voluntary choice; no branch in this sentence depends on a prior deed.",when
C0396,740,8511,"Если знаете, как вывести его из состояния задумчивости, сделайте это.",d,"Knowledge, promise, prior encounter, previous visit/action, or named character state; reviewed in STORY_STATE_TABLE.csv.",if
C0397,740,8511,Иначе придется уходить — 824.,d,"Knowledge, promise, prior encounter, previous visit/action, or named character state; reviewed in STORY_STATE_TABLE.csv.",otherwise
C0398,742,8532,"Если у вас есть Оберег, то 692.",a,"Item, money, spell, bag, or numerical resource condition; an acquisition verb alone does not make possession a story-history predicate.",if
C0399,742,8532,"Если есть серебряный сосуд, то 861.",a,"Item, money, spell, bag, or numerical resource condition; an acquisition verb alone does not make possession a story-history predicate.",if
C0400,742,8534,"Если вам нечего противопоставить безмолвной страже, то придется драться.",a,"Item, money, spell, bag, or numerical resource condition; an acquisition verb alone does not make possession a story-history predicate.",if
C0401,742,8549,"Когда вы победите двух рыцарей, в дело вступит Капитан.",b,"Combat outcome, damage, reinforcement, fleeing, deadline, or combat modifier; handled separately from persistent story history.",when
C0402,742,8555,"Если же произойдет чудо, и вы сможете перебить всю охрану, то можете вернуться на лестницу и спуститься до конца (1074), либо пройти через комнату (1160).",b,"Combat outcome, damage, reinforcement, fleeing, deadline, or combat modifier; handled separately from persistent story history.",if
C0403,743,8573,"Когда лифт начинает подниматься, странный шум в полу привлекает ваше внимание.",e,"Narrative, counterfactual, quoted lore, or an immediate voluntary choice; no branch in this sentence depends on a prior deed.",when
C0404,747,8615,"Вы настолько не ожидали этого, что не успеваете свернуть так же быстро, а когда раздвигаете кусты, клубка за ними нет.",e,"Narrative, counterfactual, quoted lore, or an immediate voluntary choice; no branch in this sentence depends on a prior deed.",when
C0405,749,8634,"Когда вы открываете дверь, то успеваете заметить вместо комнаты какое-то устройство и вылетающие из него 4 ножа.",e,"Narrative, counterfactual, quoted lore, or an immediate voluntary choice; no branch in this sentence depends on a prior deed.",when
C0406,749,8634,"Если нет, то конец ваш предрешен: смерти вам не избежать…",a,"Item, money, spell, bag, or numerical resource condition; an acquisition verb alone does not make possession a story-history predicate.",if
C0407,753,8669,"Когда Гоблины заканчивают игру, они принимаются за работу.",e,"Narrative, counterfactual, quoted lore, or an immediate voluntary choice; no branch in this sentence depends on a prior deed.",when
C0408,758,8730,"Вернитесь на 825 и сделайте это, если, конечно, хотите.",e,"Narrative, counterfactual, quoted lore, or an immediate voluntary choice; no branch in this sentence depends on a prior deed.",if
C0409,760,8761,"Если вы победите их, то можете откинуть ставни и осмотреть домик (985) или же уйти и направиться к центральному строению (590).",b,"Combat outcome, damage, reinforcement, fleeing, deadline, or combat modifier; handled separately from persistent story history.",if
C0410,761,8777,"Если хотите, спрыгните на карниз и посмотрите, вдруг найдете там ход (632), если не желаете, тогда попробуйте простучать стены (359).",e,"Narrative, counterfactual, quoted lore, or an immediate voluntary choice; no branch in this sentence depends on a prior deed.",if
C0411,764,8805,"Вы же идете дальше по коридору, пока он не заканчивается невысокой дверью — 45.",e,"Narrative, counterfactual, quoted lore, or an immediate voluntary choice; no branch in this sentence depends on a prior deed.",when
C0412,765,8814,"Если вы удачливы, то 145, если же нет, — 588.",c,"Luck, dice, or random-outcome condition.",if
C0413,770,8869,"Вы можете взять с собой и деньги, и человечка, если вы берете человечка, то — 592.",a,"Item, money, spell, bag, or numerical resource condition; an acquisition verb alone does not make possession a story-history predicate.",if
C0414,773,8899,"Пока она рассматривает подарок, можете быстро выскользнуть в дверь справа, закрытую тяжелой портьерой — 912.",e,"Narrative, counterfactual, quoted lore, or an immediate voluntary choice; no branch in this sentence depends on a prior deed.",when
C0415,774,8908,"Если хотите открыть, то подумайте, чем это сделать: если у вас есть красивый кусочек дерева (1132), если фигурный ключ — (251), если 1 золотой, то 686, если 5 золотых — 299.",a,"Item, money, spell, bag, or numerical resource condition; an acquisition verb alone does not make possession a story-history predicate.",if
C0416,774,8908,"Если нет, то можете взять, если еще не делали этого, серебряный сосуд (1084), стеклянный сосуд (848) или выйти из комнаты и войти в следующую (1003).",d,"Knowledge, promise, prior encounter, previous visit/action, or named character state; reviewed in STORY_STATE_TABLE.csv.",if
C0417,778,8950,"Это письма Принцессы к отцу, написанные еще тогда, когда Барлад Дэрт надеялся, что она согласится стать его женой.",e,"Narrative, counterfactual, quoted lore, or an immediate voluntary choice; no branch in this sentence depends on a prior deed.",when
C0418,778,8952,"Теперь, если вы еще этого не сделали, можете посмотреть два оставшихся сундука: большой (626) или средний (1208), или же вернуться в комнату (1082).",d,"Knowledge, promise, prior encounter, previous visit/action, or named character state; reviewed in STORY_STATE_TABLE.csv.",if
C0419,780,8973,"Пока заклятие держит вас в воздухе, смотрите по сторонам: перед вами в паре метрах над землей открыто окно.",e,"Narrative, counterfactual, quoted lore, or an immediate voluntary choice; no branch in this sentence depends on a prior deed.",when
C0420,781,8983,"Для этого нужно кинуть два кубика, и если сумма выпавших очков будет равна 10-ти, 11-ти или 12-ти, то будет считаться, что вы попали в цель.",c,"Luck, dice, or random-outcome condition.",if
C0421,781,8983,"Если же выпадет меньше десяти очков, то это значит, что вы плохо прицеливались и не попали в центр.",c,"Luck, dice, or random-outcome condition.",if
C0422,781,8985,"Итак, если попали, то 863, если нет, — 126.",c,"Luck, dice, or random-outcome condition.",if
C0423,787,9052,"Если у вас есть шкура оленя, то 660, если же нет, — идите дальше — 740.",a,"Item, money, spell, bag, or numerical resource condition; an acquisition verb alone does not make possession a story-history predicate.",if
C0424,788,9062,У вас пока есть время наложить заклятия.,e,"Narrative, counterfactual, quoted lore, or an immediate voluntary choice; no branch in this sentence depends on a prior deed.",when
C0425,788,9068,"Если вы его уничтожили, то можете посмотреть с помоста вниз (690), либо сразу уйти (817), либо наложить заклятие Левитации, взмыть в воздух и посмотреть окно выше (1192).",b,"Combat outcome, damage, reinforcement, fleeing, deadline, or combat modifier; handled separately from persistent story history.",if
C0426,789,9082,"Теперь другого выхода у вас нет: если вы не убьете всех троих, они поднимут тревогу — 1163.",b,"Combat outcome, damage, reinforcement, fleeing, deadline, or combat modifier; handled separately from persistent story history.",if
C0427,790,9091,"Однако, когда вы пытаетесь снова открыть ее, дверь не поддается.",e,"Narrative, counterfactual, quoted lore, or an immediate voluntary choice; no branch in this sentence depends on a prior deed.",when
C0428,790,9091,"Когда вы входили, то подняли засов, а тот, когда захлопнулась дверь, упал под собственной тяжестью, заключив вас в тюрьму.",e,"Narrative, counterfactual, quoted lore, or an immediate voluntary choice; no branch in this sentence depends on a prior deed.",when
C0429,790,9091,"Если есть Корона, то 678.",a,"Item, money, spell, bag, or numerical resource condition; an acquisition verb alone does not make possession a story-history predicate.",if
C0430,790,9091,"Если ее нет, то придется драться со всеми одновременно.",a,"Item, money, spell, bag, or numerical resource condition; an acquisition verb alone does not make possession a story-history predicate.",if
C0431,790,9109,"Если вы убили пятерых львов, то считайте что вам повезло.",b,"Combat outcome, damage, reinforcement, fleeing, deadline, or combat modifier; handled separately from persistent story history.",if;prior_knowledge
C0432,790,9115,"Если вы и его убили, то путь перед вами свободен — 1078.",b,"Combat outcome, damage, reinforcement, fleeing, deadline, or combat modifier; handled separately from persistent story history.",if
C0433,795,9184,"Если какая-то дверь не откроется попробуйте сложить 40 с номером параграфа, на котором вы будете, — вдруг ключ подойдет.",a,"Item, money, spell, bag, or numerical resource condition; an acquisition verb alone does not make possession a story-history predicate.",if
C0434,797,9207,"Если вы уже осмотрели и то, и другое, то 489.",d,"Knowledge, promise, prior encounter, previous visit/action, or named character state; reviewed in STORY_STATE_TABLE.csv.",if
C0435,798,9218,"Если первое, то вы выходите из комнаты и можете пойти в проход напротив (1117), либо пойти по коридору вправо (879), либо влево, где находится лифт (849).",e,"Narrative, counterfactual, quoted lore, or an immediate voluntary choice; no branch in this sentence depends on a prior deed.",if
C0436,798,9218,"Если вы выбрали второе, то на какую кнопку вы нажмете?",e,"Narrative, counterfactual, quoted lore, or an immediate voluntary choice; no branch in this sentence depends on a prior deed.",if
C0437,801,9256,"Теперь можете либо подойти к следующей картине (1006) или выйти, если считаете, что и так долго задержались у первой картины (507).",e,"Narrative, counterfactual, quoted lore, or an immediate voluntary choice; no branch in this sentence depends on a prior deed.",if
C0438,803,9275,"Если у вас есть медный ключик, то достаньте его и откройте дверь (1035).",a,"Item, money, spell, bag, or numerical resource condition; an acquisition verb alone does not make possession a story-history predicate.",if
C0439,804,9286,"Если у вас есть какие-то идеи по поводу того, что могло бы послужить ключом, попробуйте отпереть замок.",a,"Item, money, spell, bag, or numerical resource condition; an acquisition verb alone does not make possession a story-history predicate.",if
C0440,804,9288,"Если у вас нет ничего подобного, придется покинуть домик — 590.",a,"Item, money, spell, bag, or numerical resource condition; an acquisition verb alone does not make possession a story-history predicate.",if
C0441,805,9309,"Если вы остались целы после боя, то идите дальше — 955.",b,"Combat outcome, damage, reinforcement, fleeing, deadline, or combat modifier; handled separately from persistent story history.",if
C0442,810,9369,"Если у вас нет ни одного из этих предметов, то путь вперед придется прокладывать мечом — 96.",a,"Item, money, spell, bag, or numerical resource condition; an acquisition verb alone does not make possession a story-history predicate.",if
C0443,819,9461,"Если у вас есть серебряный свисток, вы можете показать его несчастному (947), в противном случае вам придется вернуться (остальные клетки оказываются пустыми), возвратиться на вторую развилку и пойти в другой коридор — 1106.",a,"Item, money, spell, bag, or numerical resource condition; an acquisition verb alone does not make possession a story-history predicate.",if;otherwise
C0444,820,9471,"Когда вы собирались выйти из коридора, то чуть было не полетели вниз.",e,"Narrative, counterfactual, quoted lore, or an immediate voluntary choice; no branch in this sentence depends on a prior deed.",when
C0445,822,9506,"Но так или иначе, а выбор делать надо.",e,"Narrative, counterfactual, quoted lore, or an immediate voluntary choice; no branch in this sentence depends on a prior deed.",otherwise
C0446,823,9523,"Если вам удастся победить мага, то 81.",b,"Combat outcome, damage, reinforcement, fleeing, deadline, or combat modifier; handled separately from persistent story history.",if
C0447,826,9557,"Когда начинается новый кон, вы входите в группу игроков.",e,"Narrative, counterfactual, quoted lore, or an immediate voluntary choice; no branch in this sentence depends on a prior deed.",when
C0448,826,9557,"Вообще-то не очень приятно играть в компании Гоблинов, но если хочется, то можно и потерпеть.",e,"Narrative, counterfactual, quoted lore, or an immediate voluntary choice; no branch in this sentence depends on a prior deed.",if
C0449,826,9557,"Если на деньги, то сколько вы поставите на кон: 2 золотых (693), 4 золотых (763), 8 золотых (68)?",a,"Item, money, spell, bag, or numerical resource condition; an acquisition verb alone does not make possession a story-history predicate.",if
C0450,826,9557,"Если у вас ничего нет, или вы раздумали, то можете уйти — 919.",a,"Item, money, spell, bag, or numerical resource condition; an acquisition verb alone does not make possession a story-history predicate.",if
C0451,831,9613,"Вы так никогда и не узнаете, кто и когда изготовил этот амулет и кто потерял его.",e,"Narrative, counterfactual, quoted lore, or an immediate voluntary choice; no branch in this sentence depends on a prior deed.",when
C0452,835,9652,"Если у вас есть еще одно заклятие Левитации, используйте его для того, чтобы вылететь из окна (888).",a,"Item, money, spell, bag, or numerical resource condition; an acquisition verb alone does not make possession a story-history predicate.",if
C0453,835,9652,"Если же нет, остается только позвать Пегаса.",d,"Knowledge, promise, prior encounter, previous visit/action, or named character state; reviewed in STORY_STATE_TABLE.csv.",if
C0454,835,9654,"Если вы и этого не можете сделать, то через несколько часов стены комнаты раскалятся и сдвинутся, а вам придется спокойно смотреть на это и торопить смерть…",d,"Knowledge, promise, prior encounter, previous visit/action, or named character state; reviewed in STORY_STATE_TABLE.csv.",if
C0455,836,9665,"Опуститесь на платформу сторожевой башни (1028), или, если не боитесь летать на такой высоте, и не боитесь, что заклятие Левитации может подвести вас, то можете влететь в окно последнего пятого этажа (1192).",e,"Narrative, counterfactual, quoted lore, or an immediate voluntary choice; no branch in this sentence depends on a prior deed.",if
C0456,837,9675,"Свеча у вас в руках догорела и погасла как раз в тот момент, когда вы собрались открыть следующую дверь — 972.",e,"Narrative, counterfactual, quoted lore, or an immediate voluntary choice; no branch in this sentence depends on a prior deed.",when
C0457,839,9693,"Если вы находили ее во время путешествия в лесу или в замке, то можете незаметно подменить ее, и продолжать играть уже со своей костью — 793.",a,"Item, money, spell, bag, or numerical resource condition; an acquisition verb alone does not make possession a story-history predicate.",if
C0458,839,9693,"Иначе вам придется бросать кость, которую вам передал Гоблин — 1187.",a,"Item, money, spell, bag, or numerical resource condition; an acquisition verb alone does not make possession a story-history predicate.",otherwise
C0459,842,9721,"Если у вас есть череп, то выньте его (1041), если же нет, Черная смерть душит вас.",a,"Item, money, spell, bag, or numerical resource condition; an acquisition verb alone does not make possession a story-history predicate.",if
C0460,842,9721,"Когда газ рассеивается, на полу лежит только ваш труп…",e,"Narrative, counterfactual, quoted lore, or an immediate voluntary choice; no branch in this sentence depends on a prior deed.",when
C0461,850,9826,"Если вы уже сделали и то, и другое, то 489.",d,"Knowledge, promise, prior encounter, previous visit/action, or named character state; reviewed in STORY_STATE_TABLE.csv.",if
C0462,854,9865,"Если у вас есть череп, то достаньте его 938, если же нет, Черная смерть душит вас.",a,"Item, money, spell, bag, or numerical resource condition; an acquisition verb alone does not make possession a story-history predicate.",if
C0463,854,9865,"Когда газ рассеивается, на полу лежит только ваш труп…",e,"Narrative, counterfactual, quoted lore, or an immediate voluntary choice; no branch in this sentence depends on a prior deed.",when
C0464,859,9911,"Если у вас есть череп, то достаньте его из своего мешка (1012).",a,"Item, money, spell, bag, or numerical resource condition; an acquisition verb alone does not make possession a story-history predicate.",if
C0465,859,9911,"Если же нет, то газ настигает вас и съедает.",a,"Item, money, spell, bag, or numerical resource condition; an acquisition verb alone does not make possession a story-history predicate.",if
C0466,860,9920,"Если у вас имеются 12 глаз Зеленых рыцарей, то 196.",a,"Item, money, spell, bag, or numerical resource condition; an acquisition verb alone does not make possession a story-history predicate.",if
C0467,860,9920,"Если такого не припасено, то рассмотреть рисунки вам не дают — 1034.",a,"Item, money, spell, bag, or numerical resource condition; an acquisition verb alone does not make possession a story-history predicate.",if
C0468,864,9959,"Вы добавляете ко всему, что пока не выполнили своей миссии.",e,"Narrative, counterfactual, quoted lore, or an immediate voluntary choice; no branch in this sentence depends on a prior deed.",when
C0469,868,10004,"И если какой-нибудь храбрый путешественник забредет в эту комнату, он увидит жуткое зрелище: сломанные кости, исковерканное и раздавленное тело.",e,"Narrative, counterfactual, quoted lore, or an immediate voluntary choice; no branch in this sentence depends on a prior deed.",if
C0470,873,10053,"Пока он подплывает, вы оглядываете комнату.",e,"Narrative, counterfactual, quoted lore, or an immediate voluntary choice; no branch in this sentence depends on a prior deed.",when
C0471,873,10053,"Он приветлив, и если какие-то опасения и были, то они рассеиваются.",e,"Narrative, counterfactual, quoted lore, or an immediate voluntary choice; no branch in this sentence depends on a prior deed.",if
C0472,880,10122,"Если же вы торопитесь, послушайте моего совета.",e,"Narrative, counterfactual, quoted lore, or an immediate voluntary choice; no branch in this sentence depends on a prior deed.",if
C0473,880,10122,"Когда будете будить Принцессу, то подходите к ней только справа и никак иначе.",e,"Narrative, counterfactual, quoted lore, or an immediate voluntary choice; no branch in this sentence depends on a prior deed.",otherwise;when
C0474,880,10122,"Если же решите сразиться с волшебником, для этого лучше иметь еще одно кольцо, но на этот раз золотое».",e,"Narrative, counterfactual, quoted lore, or an immediate voluntary choice; no branch in this sentence depends on a prior deed.",if
C0475,882,10140,"Человек предупреждает, чтобы вы не сворачивали влево, когда будете идти по этому коридору — 676.",e,"Narrative, counterfactual, quoted lore, or an immediate voluntary choice; no branch in this sentence depends on a prior deed.",when
C0476,884,10169,"Если вы голодны, то это как раз то, что надо.",e,"Narrative, counterfactual, quoted lore, or an immediate voluntary choice; no branch in this sentence depends on a prior deed.",if
C0477,884,10169,"Если хотите, можете подкрепиться.",e,"Narrative, counterfactual, quoted lore, or an immediate voluntary choice; no branch in this sentence depends on a prior deed.",if
C0478,884,10169,"Если вы не рискуете есть чьи-то припасы, выходите через дверь обратно (42).",e,"Narrative, counterfactual, quoted lore, or an immediate voluntary choice; no branch in this sentence depends on a prior deed.",if
C0479,893,10269,"Когда вы подходите к двери, то видите на ней рисунок — золотую стрелу, а под ним углубление в форме стрелы.",e,"Narrative, counterfactual, quoted lore, or an immediate voluntary choice; no branch in this sentence depends on a prior deed.",when
C0480,893,10269,"Если у вас есть золотая стрела, то 1079.",a,"Item, money, spell, bag, or numerical resource condition; an acquisition verb alone does not make possession a story-history predicate.",if
C0481,893,10269,"Если же нет, тогда вернитесь на 980 и примите другое решение.",a,"Item, money, spell, bag, or numerical resource condition; an acquisition verb alone does not make possession a story-history predicate.",if
C0482,894,10279,"Вы же, не дожидаясь, пока стража сообразит в чем дело, можете быстро схватить подсвечник со стола Начальника стражи и выбежать в одну из трех дверей, ведущих из комнаты — 1046.",e,"Narrative, counterfactual, quoted lore, or an immediate voluntary choice; no branch in this sentence depends on a prior deed.",when
C0483,896,10297,"Теперь, когда вы достаточно наказаны за беспечное любопытство, вернитесь на 792 и сделайте более безопасный выбор.",e,"Narrative, counterfactual, quoted lore, or an immediate voluntary choice; no branch in this sentence depends on a prior deed.",when
C0484,901,10343,"Он мертв, вы же торопитесь дальше по коридору, пока дорогу не преграждает дверь — 45.",e,"Narrative, counterfactual, quoted lore, or an immediate voluntary choice; no branch in this sentence depends on a prior deed.",when
C0485,908,10415,"Если вы живы, то 1007.",a,"Item, money, spell, bag, or numerical resource condition; an acquisition verb alone does not make possession a story-history predicate.",if
C0486,908,10415,"Если вы не выдержали, и ваша ВЫНОСЛИВОСТЬ на нуле, — 605.",a,"Item, money, spell, bag, or numerical resource condition; an acquisition verb alone does not make possession a story-history predicate.",if
C0487,913,10473,"Если у вас есть череп, то достаньте его из своего мешка (1027).",a,"Item, money, spell, bag, or numerical resource condition; an acquisition verb alone does not make possession a story-history predicate.",if
C0488,913,10473,"Если же нет, то газ настигает вас и съедает.",a,"Item, money, spell, bag, or numerical resource condition; an acquisition verb alone does not make possession a story-history predicate.",if
C0489,915,10491,"Если знаете пароль, то 784, если же нет придется пробиваться с помощью меча.",d,"Knowledge, promise, prior encounter, previous visit/action, or named character state; reviewed in STORY_STATE_TABLE.csv.",if
C0490,916,10510,"Вы торопитесь дальше по коридору, пока не видите с правой стороны дверь.",e,"Narrative, counterfactual, quoted lore, or an immediate voluntary choice; no branch in this sentence depends on a prior deed.",when
C0491,917,10520,"Когда проходите мимо коридора, звезда начинает светиться.",e,"Narrative, counterfactual, quoted lore, or an immediate voluntary choice; no branch in this sentence depends on a prior deed.",when
C0492,921,10567,"Если хотите, то можете войти внутрь, передвигаясь на ощупь (1155), иначе идите по коридору да конца (1123).",e,"Narrative, counterfactual, quoted lore, or an immediate voluntary choice; no branch in this sentence depends on a prior deed.",if;otherwise
C0493,923,10588,"Теперь, когда увидите зеркало и захотите воспользоваться им, вычтете 13 из номера параграфа, на котором будете находиться и прочтите, что будет дальше.",d,"Knowledge, promise, prior encounter, previous visit/action, or named character state; reviewed in STORY_STATE_TABLE.csv.",when
C0494,926,10620,"Орки обещают вам, что если вы победите этого Гоблина, то они позволят вам делать в комнате все, что заблагорассудится.",b,"Combat outcome, damage, reinforcement, fleeing, deadline, or combat modifier; handled separately from persistent story history.",if
C0495,929,10648,"Можете взять с собой все, что хотите, и добавьте себе 1 УДАЧУ, даже если вы еще не тратили ее.",a,"Item, money, spell, bag, or numerical resource condition; an acquisition verb alone does not make possession a story-history predicate.",if
C0496,929,10648,"Если вам понадобится зажечь светильник, прибавьте 10 к номеру параграфа, на котором вы будете находиться.",a,"Item, money, spell, bag, or numerical resource condition; an acquisition verb alone does not make possession a story-history predicate.",if
C0497,932,10679,"Если на вас нападают враги, то вы берете личинку и разламываете ее пополам, и тогда один из врагов, на которого направлен ваш гнев, упадет замертво!",b,"Combat outcome, damage, reinforcement, fleeing, deadline, or combat modifier; handled separately from persistent story history.",if
C0498,933,10692,Если вы пойдете к строению в центре двора — 845.,e,"Narrative, counterfactual, quoted lore, or an immediate voluntary choice; no branch in this sentence depends on a prior deed.",if
C0499,933,10694,Если к сторожке — 765.,e,"Narrative, counterfactual, quoted lore, or an immediate voluntary choice; no branch in this sentence depends on a prior deed.",if
C0500,933,10696,Если к маленькому домику слева — 885.,e,"Narrative, counterfactual, quoted lore, or an immediate voluntary choice; no branch in this sentence depends on a prior deed.",if
C0501,935,10718,"Если же его у вас нет, то через некоторое время никто уже не отличит вас от валяющихся вокруг костей…",a,"Item, money, spell, bag, or numerical resource condition; an acquisition verb alone does not make possession a story-history predicate.",if
C0502,937,10736,"Когда вы увидите зеркало, которым захотите воспользоваться, вычтете 13 из того параграфа, на котором вы его увидели.",d,"Knowledge, promise, prior encounter, previous visit/action, or named character state; reviewed in STORY_STATE_TABLE.csv.",when
C0503,941,10773,"Когда они понадобятся, обратитесь к параграфу 1122.",a,"Item, money, spell, bag, or numerical resource condition; an acquisition verb alone does not make possession a story-history predicate.",when
C0504,942,10789,"Если убили его, можете обшарить его карманы — 462.",b,"Combat outcome, damage, reinforcement, fleeing, deadline, or combat modifier; handled separately from persistent story history.",if
C0505,944,10811,"Если хотите, можете, используя заклятие Плавания, попробовать проплыть по течению реки под Замок, надеясь попасть в подземелье незамеченным (698.",a,"Item, money, spell, bag, or numerical resource condition; an acquisition verb alone does not make possession a story-history predicate.",if
C0506,944,10811,"Если у вас есть скафандр, можете надеть его (1081)).",a,"Item, money, spell, bag, or numerical resource condition; an acquisition verb alone does not make possession a story-history predicate.",if
C0507,944,10811,"Если же у вас нет ни одного из этих заклятий или вы не хотите их использовать, идите к палаткам — 715.",a,"Item, money, spell, bag, or numerical resource condition; an acquisition verb alone does not make possession a story-history predicate.",if
C0508,945,10824,"Если первое, то 954, если второе, — 174.",e,"Narrative, counterfactual, quoted lore, or an immediate voluntary choice; no branch in this sentence depends on a prior deed.",if
C0509,947,10842,"Он подходит ближе к решетке и рассказывает о том, что когда-то был камердинером мага, а серебряный свисток — символ его должности.",e,"Narrative, counterfactual, quoted lore, or an immediate voluntary choice; no branch in this sentence depends on a prior deed.",when
C0510,948,10852,"Если хотите попробовать это сделать, то 1173.",e,"Narrative, counterfactual, quoted lore, or an immediate voluntary choice; no branch in this sentence depends on a prior deed.",if
C0511,948,10852,"Если же нет, то вы можете уйти через одну из четырех дверей: в дверь рядом с люком (771), в дверь напротив люка (622) или в одну из дверей справа: правую (704) или левую (816).",e,"Narrative, counterfactual, quoted lore, or an immediate voluntary choice; no branch in this sentence depends on a prior deed.",if
C0512,950,10876,"Когда вы подходите к рингу поближе, то видите в стене рядом три больших круглых крышки.",e,"Narrative, counterfactual, quoted lore, or an immediate voluntary choice; no branch in this sentence depends on a prior deed.",when
C0513,950,10876,"«Если я прикончу этого Гоблина, — думаете вы, — обязательно в них загляну».",b,"Combat outcome, damage, reinforcement, fleeing, deadline, or combat modifier; handled separately from persistent story history.",if
C0514,950,10876,"Но пока вынимайте меч, и не вздумайте пользоваться заклятиями: Оркам и Гоблинам может показаться, что вы поступаете нечестно, и тогда вам не поздоровится.",b,"Combat outcome, damage, reinforcement, fleeing, deadline, or combat modifier; handled separately from persistent story history.",when
C0515,950,10876,"Ну а если бы они и были тут, то с вами и разговаривали бы по другому.",e,"Narrative, counterfactual, quoted lore, or an immediate voluntary choice; no branch in this sentence depends on a prior deed.",if
C0516,950,10882,"Если вы одержали над ним победу, то остальные предоставляют вам полную свободу.",b,"Combat outcome, damage, reinforcement, fleeing, deadline, or combat modifier; handled separately from persistent story history.",if
C0517,951,10899,"Если у вас есть водолазный костюм, вы можете надеть его — 665.",a,"Item, money, spell, bag, or numerical resource condition; an acquisition verb alone does not make possession a story-history predicate.",if
C0518,954,10939,"Если у вас нет ни одного из этих предметов, вам придется драться — 174.",a,"Item, money, spell, bag, or numerical resource condition; an acquisition verb alone does not make possession a story-history predicate.",if
C0519,957,10970,"Если у вас какая-нибудь емкость, то вы можете заполнить ее зеленым газом (1038).",a,"Item, money, spell, bag, or numerical resource condition; an acquisition verb alone does not make possession a story-history predicate.",if
C0520,957,10972,"Если у вас ничего нет или вы не хотите этого делать, тогда уходите из комнаты и идите по коридору дальше — 676.",a,"Item, money, spell, bag, or numerical resource condition; an acquisition verb alone does not make possession a story-history predicate.",if
C0521,971,11106,"Стражник пропускает вас, и вы можете идти дальше по коридору, пока путь не преградит дверь — 45.",e,"Narrative, counterfactual, quoted lore, or an immediate voluntary choice; no branch in this sentence depends on a prior deed.",when
C0522,972,11115,"Если есть свеча или светильник, зажгите их.",a,"Item, money, spell, bag, or numerical resource condition; an acquisition verb alone does not make possession a story-history predicate.",if
C0523,972,11115,"Если же нет, то через несколько мгновений послышится голос.",a,"Item, money, spell, bag, or numerical resource condition; an acquisition verb alone does not make possession a story-history predicate.",if
C0524,972,11115,"Если же у вас нет ни одного из этих предметов, то 1121.",a,"Item, money, spell, bag, or numerical resource condition; an acquisition verb alone does not make possession a story-history predicate.",if
C0525,974,11137,"Так вот, если в данный момент вы пойдете в дверь перед вами — ту, что в углу, то вы поднимитесь по лестнице и попадете в коридор, от которого будет ответвление налево.",e,"Narrative, counterfactual, quoted lore, or an immediate voluntary choice; no branch in this sentence depends on a prior deed.",if
C0526,974,11137,"Если вы пойдете прямо, то коридор приведет вас к винному погребу или на кухню.",e,"Narrative, counterfactual, quoted lore, or an immediate voluntary choice; no branch in this sentence depends on a prior deed.",if
C0527,974,11137,"Если свернете налево, то попадете в какую-то большую комнату, предназначение которой остается для вас неясным.",e,"Narrative, counterfactual, quoted lore, or an immediate voluntary choice; no branch in this sentence depends on a prior deed.",if
C0528,976,11161,"Если волшебник еще жив, то 1120, если же мертв, то 1220.",d,"Knowledge, promise, prior encounter, previous visit/action, or named character state; reviewed in STORY_STATE_TABLE.csv.",if
C0529,980,11205,"Решайте: пройдете через дверь (893), подойдете к столу (724), к зеркалу (677) или, если у вас есть заклятие Левитации, вылетите из окна?",a,"Item, money, spell, bag, or numerical resource condition; an acquisition verb alone does not make possession a story-history predicate.",if
C0530,984,11248,"Если у вас есть лишнее место, то берите его с собой.",a,"Item, money, spell, bag, or numerical resource condition; an acquisition verb alone does not make possession a story-history predicate.",if
C0531,992,11332,"Если отгадаешь, я тебе кое-что дам!..",d,"Knowledge, promise, prior encounter, previous visit/action, or named character state; reviewed in STORY_STATE_TABLE.csv.",if
C0532,992,11336,"Если вы не хотите здесь оставаться или не знаете ответа, то уходите — 1123.",d,"Knowledge, promise, prior encounter, previous visit/action, or named character state; reviewed in STORY_STATE_TABLE.csv.",if
C0533,993,11346,"Когда окна почти скрываются из виду, впереди замечаете одно и подлетаете к нему.",e,"Narrative, counterfactual, quoted lore, or an immediate voluntary choice; no branch in this sentence depends on a prior deed.",when
C0534,993,11348,"Влетите в него (835) или поднимитесь еще выше (888), ведь заклятие пока действует.",e,"Narrative, counterfactual, quoted lore, or an immediate voluntary choice; no branch in this sentence depends on a prior deed.",when
C0535,994,11362,"Если не хотите драться, то можете убежать — 1199.",b,"Combat outcome, damage, reinforcement, fleeing, deadline, or combat modifier; handled separately from persistent story history.",if
C0536,994,11364,"Если ранили его 2 раза, то 118.",b,"Combat outcome, damage, reinforcement, fleeing, deadline, or combat modifier; handled separately from persistent story history.",if
C0537,999,11420,"Погладите его (534) или уйдете из конюшни, пока не вернулись конюхи (590)?",e,"Narrative, counterfactual, quoted lore, or an immediate voluntary choice; no branch in this sentence depends on a prior deed.",when
C0538,1000,11430,"Если у вас есть свеча или светильник, зажгите их, если же нет, то идти придется в полной темноте.",a,"Item, money, spell, bag, or numerical resource condition; an acquisition verb alone does not make possession a story-history predicate.",if
C0539,1003,11459,"Если хотите, можете воспользоваться заклятием Слабости (1110) или Огня (135).",a,"Item, money, spell, bag, or numerical resource condition; an acquisition verb alone does not make possession a story-history predicate.",if
C0540,1003,11461,"Если у вас есть меч зеленого рыцаря, то 166.",a,"Item, money, spell, bag, or numerical resource condition; an acquisition verb alone does not make possession a story-history predicate.",if
C0541,1005,11482,"Когда вы поворачиваетесь лицом к левому коридору, звезда начинает светиться.",e,"Narrative, counterfactual, quoted lore, or an immediate voluntary choice; no branch in this sentence depends on a prior deed.",when
C0542,1007,11500,"Если вы удачливы, то 890.",c,"Luck, dice, or random-outcome condition.",if
C0543,1007,11500,"Если нет, то 605.",c,"Luck, dice, or random-outcome condition.",if
C0544,1013,11558,"Если у вас есть, чем осветить подземный грот, сделайте это, иначе придется идти на ощупь: сначала вы хотели было идти около стены, но вдоль нее, как вы понимаете, на всем протяжении тянется какой-то обрыв, поэтому ваша хитрость не удастся, а идти по краю бездны опасно.",a,"Item, money, spell, bag, or numerical resource condition; an acquisition verb alone does not make possession a story-history predicate.",if;otherwise
C0545,1013,11558,"Вы так и будете до самой смерти плутать по подземельям Черного замка во тьме и тишине, пока не сойдете с ума, но выхода так и не найдете и никогда не узнаете, что вы первый, кто побывал в…",e,"Narrative, counterfactual, quoted lore, or an immediate voluntary choice; no branch in this sentence depends on a prior deed.",when
C0546,1022,11648,"Вы открываете ее и несколько минут стоите, пока глаза привыкнут к свету.",e,"Narrative, counterfactual, quoted lore, or an immediate voluntary choice; no branch in this sentence depends on a prior deed.",when
C0547,1023,11659,"Если да, то 1198, иначе придется обследовать дверь — 1037.",e,"Narrative, counterfactual, quoted lore, or an immediate voluntary choice; no branch in this sentence depends on a prior deed.",if;otherwise
C0548,1030,11726,"Несчастный искренне благодарен вам и говорит, что теперь, когда ему принесут еду, надо только показать тюремщикам свисток, и он будет свободен.",e,"Narrative, counterfactual, quoted lore, or an immediate voluntary choice; no branch in this sentence depends on a prior deed.",when
C0549,1030,11726,"В благодарность камердинер, догадываясь, кто вы, говорит, что если вы захотите «попасть на прием», к волшебнику нельзя идти влево.",e,"Narrative, counterfactual, quoted lore, or an immediate voluntary choice; no branch in this sentence depends on a prior deed.",if
C0550,1031,11735,"Но когда по вашим расчетам вот-вот можно будет попасть в комнату, откуда слуги берут воду, вы внезапно ударяетесь о невидимую решетку.",e,"Narrative, counterfactual, quoted lore, or an immediate voluntary choice; no branch in this sentence depends on a prior deed.",when
C0551,1045,11872,"Он отдает вам свечу, которую несет, и ваши вещи, а также говорит, что вы свободны и что он скажет, будто убил вас, когда пытались бежать.",e,"Narrative, counterfactual, quoted lore, or an immediate voluntary choice; no branch in this sentence depends on a prior deed.",when
C0552,1048,11901,"Открыв, дверь вы несколько секунд стоите неподвижно, пока глаза привыкают к свету.",e,"Narrative, counterfactual, quoted lore, or an immediate voluntary choice; no branch in this sentence depends on a prior deed.",when
C0553,1050,11930,"Если вы победили Тролля, можете взять из его кармана Золотое кольцо.",b,"Combat outcome, damage, reinforcement, fleeing, deadline, or combat modifier; handled separately from persistent story history.",if;prior_knowledge
C0554,1050,11930,"Когда кольцо вам понадобится, вычтете 52 из номера параграфа, на котором будете находиться.",a,"Item, money, spell, bag, or numerical resource condition; an acquisition verb alone does not make possession a story-history predicate.",when
C0555,1051,11942,"Когда вы его поворачиваете, ничего не происходит.",e,"Narrative, counterfactual, quoted lore, or an immediate voluntary choice; no branch in this sentence depends on a prior deed.",when
C0556,1055,11983,"Но когда вы делаете шаг в сторону от двери, она снова возникает и снова настойчиво указывает на дверь слева.",e,"Narrative, counterfactual, quoted lore, or an immediate voluntary choice; no branch in this sentence depends on a prior deed.",when
C0557,1062,12053,"Если вы находили в лесу или в замке игральную кость и имеете ее при себе, то кидайте ее (910).",a,"Item, money, spell, bag, or numerical resource condition; an acquisition verb alone does not make possession a story-history predicate.",if
C0558,1062,12053,Иначе придется воспользоваться местной костью — 887.,a,"Item, money, spell, bag, or numerical resource condition; an acquisition verb alone does not make possession a story-history predicate.",otherwise
C0559,1063,12063,"Если вам нечего дарить, то придется с ней сразиться (481).",a,"Item, money, spell, bag, or numerical resource condition; an acquisition verb alone does not make possession a story-history predicate.",if
C0560,1067,12104,"Пока заклятие Левитации не иссякло, быстрее решайте: поднимитесь на уровень третьего этажа (888) или же попробуете облететь замок с другой стороны и поискать там открытых окон (993).",e,"Narrative, counterfactual, quoted lore, or an immediate voluntary choice; no branch in this sentence depends on a prior deed.",when
C0561,1069,12123,"Получается, что рыцарь ждет, когда вы заговорите, а вы ждете наоборот, когда заговорит он.",e,"Narrative, counterfactual, quoted lore, or an immediate voluntary choice; no branch in this sentence depends on a prior deed.",when
C0562,1071,12141,"Если он понадобится, прибавьте 401 к номеру параграфа, на котором тогда будете.",a,"Item, money, spell, bag, or numerical resource condition; an acquisition verb alone does not make possession a story-history predicate.",if
C0563,1072,12153,"Если удачливы, то 1024, если же нет, то 128.",c,"Luck, dice, or random-outcome condition.",if
C0564,1078,12218,"Если у вас есть бляха с кораблем, то попробуйте что-нибудь сделать, иначе придется идти до конца — 634.",a,"Item, money, spell, bag, or numerical resource condition; an acquisition verb alone does not make possession a story-history predicate.",if;otherwise
C0565,1083,12271,"Люк откроется только в том случае, если вы кинете 1 золотой в щель в стене рядом с люком.",a,"Item, money, spell, bag, or numerical resource condition; an acquisition verb alone does not make possession a story-history predicate.",if
C0566,1083,12271,"Если хотите, можете это сделать (903), если не хотите или у вас нет 1 золотого, поднимайтесь по лестнице (603).",a,"Item, money, spell, bag, or numerical resource condition; an acquisition verb alone does not make possession a story-history predicate.",if
C0567,1085,12291,"Если ключ у вас, можете открыть ее, иначе — придется идти в другую дверь — 459.",a,"Item, money, spell, bag, or numerical resource condition; an acquisition verb alone does not make possession a story-history predicate.",if;otherwise
C0568,1089,12327,"Если вы удачливы, то 790.",c,"Luck, dice, or random-outcome condition.",if
C0569,1089,12327,"Если же нет, то 1204.",c,"Luck, dice, or random-outcome condition.",if
C0570,1090,12339,"Если у вас нет ничего подходящего, можете дать ей денег (49), или сразиться с ней (744).",a,"Item, money, spell, bag, or numerical resource condition; an acquisition verb alone does not make possession a story-history predicate.",if
C0571,1095,12398,"Когда же он отзывается, слова его очень странны: «Приветствую тебя, смельчак!",e,"Narrative, counterfactual, quoted lore, or an immediate voluntary choice; no branch in this sentence depends on a prior deed.",when
C0572,1096,12408,"Вам придется драться с ней, надеясь только на себя да на заклятие Копии, если оно у вас есть.",a,"Item, money, spell, bag, or numerical resource condition; an acquisition verb alone does not make possession a story-history predicate.",if
C0573,1096,12414,"Вы можете также избавиться от Гарпии, кинув ей зеркальце (опять же, если оно у вас есть).",a,"Item, money, spell, bag, or numerical resource condition; an acquisition verb alone does not make possession a story-history predicate.",if
C0574,1096,12414,"Если вы дали Гарпии зеркальце или убили ее, то 1164.",b,"Combat outcome, damage, reinforcement, fleeing, deadline, or combat modifier; handled separately from persistent story history.",if
C0575,1098,12436,"Теперь можете, если еще не делали этого, осмотреть шкаф (94).",d,"Knowledge, promise, prior encounter, previous visit/action, or named character state; reviewed in STORY_STATE_TABLE.csv.",if
C0576,1098,12436,"Если и это сделали, тогда выходите через дверь, в которую входили Зеленые рыцари — 1196.",d,"Knowledge, promise, prior encounter, previous visit/action, or named character state; reviewed in STORY_STATE_TABLE.csv.",if
C0577,1099,12452,"Если вы победили Начальника стражи за три раунда, то 894.",b,"Combat outcome, damage, reinforcement, fleeing, deadline, or combat modifier; handled separately from persistent story history.",if;prior_knowledge
C0578,1099,12452,"Если же нет, то Орки услышали подозрительный шум и не входили только потому, что ждали подмогу.",b,"Combat outcome, damage, reinforcement, fleeing, deadline, or combat modifier; handled separately from persistent story history.",if
C0579,1102,12484,"Если хотите уйти, — 919.",e,"Narrative, counterfactual, quoted lore, or an immediate voluntary choice; no branch in this sentence depends on a prior deed.",if
C0580,1104,12516,"Если у вас нет ни одного из этих предметов, то вернитесь на 825 и выберите что-нибудь другое.",a,"Item, money, spell, bag, or numerical resource condition; an acquisition verb alone does not make possession a story-history predicate.",if
C0581,1113,12603,"Если вы не знаете ответ на загадку, то 1190.",d,"Knowledge, promise, prior encounter, previous visit/action, or named character state; reviewed in STORY_STATE_TABLE.csv.",if
C0582,1113,12603,"Если знаете, то сложите порядковые номера букв, из которых состоит слово, к сумме прибавьте 1046, и полученное число будет следующим номером параграфа.",d,"Knowledge, promise, prior encounter, previous visit/action, or named character state; reviewed in STORY_STATE_TABLE.csv.",if
C0583,1116,12633,"Если хотите, можете взять его себе.",e,"Narrative, counterfactual, quoted lore, or an immediate voluntary choice; no branch in this sentence depends on a prior deed.",if
C0584,1119,12663,"Теперь надо быстро уходить, пока рыцарь не понял в чем дело и не поднял тревогу.",e,"Narrative, counterfactual, quoted lore, or an immediate voluntary choice; no branch in this sentence depends on a prior deed.",when
C0585,1122,12693,"Когда пыль исчезает, ножей и след простыл, а раны зажили.",e,"Narrative, counterfactual, quoted lore, or an immediate voluntary choice; no branch in this sentence depends on a prior deed.",when
C0586,1125,12721,"Если у вас есть какой-нибудь еще сосуд, можете наполнить и его.",a,"Item, money, spell, bag, or numerical resource condition; an acquisition verb alone does not make possession a story-history predicate.",if
C0587,1130,12770,"Но учтите, если вы три раза кого-нибудь убьете в бою, то зелье теряет силу, и ваше МАСТЕРСТВО станет прежним.",b,"Combat outcome, damage, reinforcement, fleeing, deadline, or combat modifier; handled separately from persistent story history.",if
C0588,1131,12779,"Хотя, впрочем, я не сделаю этого, если ты отгадаешь мою вторую загадку, ведь первая была очень легкой…",d,"Knowledge, promise, prior encounter, previous visit/action, or named character state; reviewed in STORY_STATE_TABLE.csv.",if
C0589,1131,12779,"Если ты ответишь мне, то я оставлю тебе жизнь и отпущу, иначе — смерть…».",d,"Knowledge, promise, prior encounter, previous visit/action, or named character state; reviewed in STORY_STATE_TABLE.csv.",if;otherwise
C0590,1131,12779,"Если знаете ответ, то к сумме порядковых номеров букв алфавита прибавьте 916 и, если ответ правилен, вы попадете на нужный параграф.",d,"Knowledge, promise, prior encounter, previous visit/action, or named character state; reviewed in STORY_STATE_TABLE.csv.",if
C0591,1131,12779,"Если же нет, то 1190.",d,"Knowledge, promise, prior encounter, previous visit/action, or named character state; reviewed in STORY_STATE_TABLE.csv.",if
C0592,1133,12797,"Если у вас есть в запасе заклятие Левитации, то вы еще сумеете вернуться обратно и выбрать другую дверь (621), если же нет, то ваше путешествие так и окончится в гибельном подземелье замка…",a,"Item, money, spell, bag, or numerical resource condition; an acquisition verb alone does not make possession a story-history predicate.",if
C0593,1137,12837,"Когда в пути встретится незнакомая надпись, прибавьте 24 к номеру параграфа, на котором будете находиться, и книга вам поможет.",a,"Item, money, spell, bag, or numerical resource condition; an acquisition verb alone does not make possession a story-history predicate.",when
C0594,1140,12865,"Пока же ясно только одно: если этот рыцарь враг, то такая встреча не сулит ничего хорошего.",e,"Narrative, counterfactual, quoted lore, or an immediate voluntary choice; no branch in this sentence depends on a prior deed.",if;when
C0595,1141,12877,"Вы помните, как открывался потайной ящичек в троне, стоящем в столовой.",d,"Knowledge, promise, prior encounter, previous visit/action, or named character state; reviewed in STORY_STATE_TABLE.csv.",prior_knowledge
C0596,1141,12877,"Короче, если вы сейчас спуститесь вниз, то попадете в комнату с двумя дверьми.",e,"Narrative, counterfactual, quoted lore, or an immediate voluntary choice; no branch in this sentence depends on a prior deed.",if
C0597,1141,12879,"Если не хотите ее проверять, вы автоматически считаетесь неудачливым.",c,"Luck, dice, or random-outcome condition.",if
C0598,1141,12879,"Так вот, если вам повезло, то 974, если же нет, то 1118.",c,"Luck, dice, or random-outcome condition.",if
C0599,1144,12907,"Только если, пока оборотень волком бегает, нож кто-нибудь вытащит и унесет, не стать ему больше человеком, так и будет бегать волком до самой смерти.",e,"Narrative, counterfactual, quoted lore, or an immediate voluntary choice; no branch in this sentence depends on a prior deed.",if;only;when
C0600,1144,12909,"Если корова или лошадь переходит реку — может выскочить из воды, вспрыгнуть на спину, и утащить на дно.",e,"Narrative, counterfactual, quoted lore, or an immediate voluntary choice; no branch in this sentence depends on a prior deed.",if
C0601,1144,12911,"Но если читать всю книгу, вы до конца ночи не найдете Принцессу.",e,"Narrative, counterfactual, quoted lore, or an immediate voluntary choice; no branch in this sentence depends on a prior deed.",if
C0602,1150,12986,"Если вы его победили, то можете посмотреть с помоста вниз (690), либо сразу уйти (817), либо, если у вас есть заклятие Левитации, взмыть в воздух и посмотреть, что за окно виднеется этажом выше (980)?",b,"Combat outcome, damage, reinforcement, fleeing, deadline, or combat modifier; handled separately from persistent story history.",if
C0603,1163,13119,"Победить его несложно, однако, пока вы сражались, второй поваренок успел куда-то спрятаться.",e,"Narrative, counterfactual, quoted lore, or an immediate voluntary choice; no branch in this sentence depends on a prior deed.",when
C0604,1163,13119,"У вас нет времени его искать, и остается только надеяться, что он вылезет, когда вы будете уже далеко.",e,"Narrative, counterfactual, quoted lore, or an immediate voluntary choice; no branch in this sentence depends on a prior deed.",when
C0605,1164,13132,"Чародей издевается над вами, но вы-то не ожидали такой встречи, надеясь, что когда доберетесь до его кабинета, все решится само собой.",e,"Narrative, counterfactual, quoted lore, or an immediate voluntary choice; no branch in this sentence depends on a prior deed.",when
C0606,1164,13132,"Если хотите, то можете выхватить меч и попробовать убить мага (776), а может быть, у вас есть золотое кольцо или золотой амулет?",a,"Item, money, spell, bag, or numerical resource condition; an acquisition verb alone does not make possession a story-history predicate.",if
C0607,1164,13132,"Иначе вам придется просто стоять и смотреть, что будет дальше — 823.",a,"Item, money, spell, bag, or numerical resource condition; an acquisition verb alone does not make possession a story-history predicate.",otherwise
C0608,1168,13171,"Если хотите узнать, откуда говорит женщина, то вам нужно спустить на второй этаж под землей.",e,"Narrative, counterfactual, quoted lore, or an immediate voluntary choice; no branch in this sentence depends on a prior deed.",if
C0609,1172,13222,"Если вы победили Дракона и срубили вторую голову, ей уже не удастся отрасти.",b,"Combat outcome, damage, reinforcement, fleeing, deadline, or combat modifier; handled separately from persistent story history.",if;prior_knowledge
C0610,1172,13222,"Вы кладете его в заплечный мешок (когда понадобится, прибавьте 30 к номеру параграфа, на котором ключ будет нужен), — 353.",a,"Item, money, spell, bag, or numerical resource condition; an acquisition verb alone does not make possession a story-history predicate.",when
C0611,1173,13234,"Если вы удачливы, то 652, если нет, — 840.",c,"Luck, dice, or random-outcome condition.",if
C0612,1174,13246,"Вам в голову приходит мысль, что, возможно, это не единственный потайной ход в замке, и если вам что-нибудь по этому поводу покажется подозрительным, вычтите 13 из номера параграфа, на котором будете находиться.",d,"Knowledge, promise, prior encounter, previous visit/action, or named character state; reviewed in STORY_STATE_TABLE.csv.",if
C0613,1175,13261,"Если вы убили его за три раунда атаки, то сражайтесь с двумя остальными.",b,"Combat outcome, damage, reinforcement, fleeing, deadline, or combat modifier; handled separately from persistent story history.",if;prior_knowledge
C0614,1175,13261,"Если же нет, то через три раунда они приходят на помощь своему предводителю, и вам придется биться с тремя сразу.",b,"Combat outcome, damage, reinforcement, fleeing, deadline, or combat modifier; handled separately from persistent story history.",if
C0615,1175,13261,"После того, как первый Орк все же будет повержен, если хотите, ПРОВЕРЬТЕ СВОЮ УДАЧУ.",b,"Combat outcome, damage, reinforcement, fleeing, deadline, or combat modifier; handled separately from persistent story history.",if;after_event
C0616,1175,13261,"Если вы удачливы, третий Орк не захочет умирать, защищая ворота, и убегает в лес.",c,"Luck, dice, or random-outcome condition.",if
C0617,1175,13261,"Если же нет, то придется драться со всеми.",c,"Luck, dice, or random-outcome condition.",if
C0618,1175,13271,"Если вы еще живы после битвы, то можете проскользнуть в ворота, оставив стражу лежать на дороге — 933.",b,"Combat outcome, damage, reinforcement, fleeing, deadline, or combat modifier; handled separately from persistent story history.",if
C0619,1177,13296,"Если вы пользуетесь заклятием Силы, увеличьте на 2 свою СИЛУ УДАРА, если заклятием Слабости, уменьшите на 2 СИЛУ УДАРА любого из Гоблинов.",b,"Combat outcome, damage, reinforcement, fleeing, deadline, or combat modifier; handled separately from persistent story history.",if
C0620,1177,13305,"Если вы справились с охраной, то можете либо подойти к столу, за которым сидели Гоблины (358), либо попытаться затащить под него трупы Гоблинов (97), либо выйти в одну из трех дверей: в дверь перед вами (246), в дверь налево (393), в дверь направо (725).",b,"Combat outcome, damage, reinforcement, fleeing, deadline, or combat modifier; handled separately from persistent story history.",if
C0621,1180,13353,"Если вы убили его, то продолжайте свой путь — 523.",b,"Combat outcome, damage, reinforcement, fleeing, deadline, or combat modifier; handled separately from persistent story history.",if;prior_knowledge
C0622,1182,13374,"Признаться, мне было бы весьма жаль, если бы вы погибли еще в лесу.",e,"Narrative, counterfactual, quoted lore, or an immediate voluntary choice; no branch in this sentence depends on a prior deed.",if
C0623,1184,13392,Скорее всего вам удалось привести в действие какие-то пружины.,e,"Narrative, counterfactual, quoted lore, or an immediate voluntary choice; no branch in this sentence depends on a prior deed.",prior_knowledge
C0624,1186,13411,"Если вы удачливы, то 1174.",c,"Luck, dice, or random-outcome condition.",if
C0625,1186,13411,"Если вам не повезло, то вам не удается допрыгнуть до ступенек, и вы летите вниз, прямо на острые колья.",c,"Luck, dice, or random-outcome condition.",if
C0626,1188,13436,"Вы же, не дожидаясь, пока они надумают вернуться, входите в ворота — 1054.",e,"Narrative, counterfactual, quoted lore, or an immediate voluntary choice; no branch in this sentence depends on a prior deed.",when
C0627,1190,13456,"Тебе нужно только подождать, когда они начнут вылупляться…».",e,"Narrative, counterfactual, quoted lore, or an immediate voluntary choice; no branch in this sentence depends on a prior deed.",when
C0628,1196,13511,"Судя по всему, здесь когда-то было что-то вроде приемной.",e,"Narrative, counterfactual, quoted lore, or an immediate voluntary choice; no branch in this sentence depends on a prior deed.",when
C0629,1196,13511,"Если у вас есть белая стрела, то вы можете открыть дверь с соответствующим рисунком (871), если есть бляха с золотым орлом, сделайте то же самое (604).",a,"Item, money, spell, bag, or numerical resource condition; an acquisition verb alone does not make possession a story-history predicate.",if
C0630,1196,13511,"Если же нет, то эти двери останутся неприступны, какие бы усилия вы не прилагали.",a,"Item, money, spell, bag, or numerical resource condition; an acquisition verb alone does not make possession a story-history predicate.",if
C0631,1200,13556,"Теперь вы овладели секретом и можете зажигать перо, когда захотите.",e,"Narrative, counterfactual, quoted lore, or an immediate voluntary choice; no branch in this sentence depends on a prior deed.",when
C0632,1201,13565,"Если у вас есть шкура лисы, то покажите ее как образец товара и проходите (1054), если же нет, то что бы вы ни доставали из заплечного мешка, стражу это не заинтересует, и вам придется прокладывать путь в замок своим мечом — 700.",a,"Item, money, spell, bag, or numerical resource condition; an acquisition verb alone does not make possession a story-history predicate.",if
C0633,1205,13604,"Вы без каких-либо сомнений можете взять ее себе (когда понадобится, обратитесь к параграфу 249).",a,"Item, money, spell, bag, or numerical resource condition; an acquisition verb alone does not make possession a story-history predicate.",when
C0634,1208,13634,"Если да, то вам удастся его открыть (984), если нет, то лучше заняться большим (626), маленьким (778) или вернуться в комнату, откуда вы пришли (1082).",a,"Item, money, spell, bag, or numerical resource condition; an acquisition verb alone does not make possession a story-history predicate.",if
C0635,1210,13657,"Если у вас есть Оберег, то 764, если есть серебряный сосуд, то 556.",a,"Item, money, spell, bag, or numerical resource condition; an acquisition verb alone does not make possession a story-history predicate.",if
C0636,1210,13657,"Иначе вам придется либо подумать о том, что может послужить пропуском (810), либо атаковать (96).",a,"Item, money, spell, bag, or numerical resource condition; an acquisition verb alone does not make possession a story-history predicate.",otherwise
C0637,1212,13679,"Если у вас есть, что поставить на кон, делайте это быстрее, иначе придется поставить либо деньги (1062), либо уходить (919).",a,"Item, money, spell, bag, or numerical resource condition; an acquisition verb alone does not make possession a story-history predicate.",if;otherwise
C0638,1212,13679,"Если все же поставили на кон какую-нибудь вещицу из вашего мешка, тогда кидайте кость — 910.",d,"Knowledge, promise, prior encounter, previous visit/action, or named character state; reviewed in STORY_STATE_TABLE.csv.",if
C0639,1213,13690,"Он поможет вам отражать вражеские удары (прибавьте себе 1 МАСТЕРСТВО, даже если ваше изначальное МАСТЕРСТВО не изменялось).",b,"Combat outcome, damage, reinforcement, fleeing, deadline, or combat modifier; handled separately from persistent story history.",if
C0640,1214,13699,"Когда вы сдвигаете камень в сторону, то находите какую-то одежду, похожую на водолазный костюм.",e,"Narrative, counterfactual, quoted lore, or an immediate voluntary choice; no branch in this sentence depends on a prior deed.",when
C0641,1214,13699,"Однако костюм займет два места в вашем заплечном мешке, но если вы его берете, то добавьте себе 1 УДАЧУ.",a,"Item, money, spell, bag, or numerical resource condition; an acquisition verb alone does not make possession a story-history predicate.",if
C0642,1221,13762,"Если вы удачливы, то — 357.",c,"Luck, dice, or random-outcome condition.",if
C0643,1221,13764,"Если нет, то один из орков начинает подозревать вас во лжи и говорит, что никакой вы не игрок, а шпион, пытающийся проникнуть в замок.",c,"Luck, dice, or random-outcome condition.",if
C0644,3,101,"После того как убиваете шпиона, вы обшариваете его карманы в поисках чего-либо ценного, но, к вашему сожалению, ничего в них не находите.",b,"Combat outcome, damage, reinforcement, fleeing, deadline, or combat modifier; handled separately from persistent story history.",after_event
C0645,58,766,"Берег охраняется: как только вы достигаете его, из кустов выскакивает Гоблин и, размахивая саблей, бросается на вас.",e,"Narrative, counterfactual, quoted lore, or an immediate voluntary choice; no branch in this sentence depends on a prior deed.",after_event
C0646,127,1583,"Как только кладете предмет в заплечный мешок, чувствуете, что очень хотите спать и, не в силах сопротивляться, закрываете глаза.",e,"Narrative, counterfactual, quoted lore, or an immediate voluntary choice; no branch in this sentence depends on a prior deed.",after_event
C0647,135,1680,Есть ли у вас меч Зеленого рыцаря?,a,"Item, money, spell, bag, or numerical resource condition; an acquisition verb alone does not make possession a story-history predicate.",conditional_question
C0648,147,1819,"Как только высовываете голову за край гнезда, волосы у вас встают дыбом: вблизи птица кажется крылатым чудовищем!",e,"Narrative, counterfactual, quoted lore, or an immediate voluntary choice; no branch in this sentence depends on a prior deed.",after_event
C0649,179,2185,"Есть ли там обитатели, раздумывать некогда — это единственный шанс.",e,"Narrative, counterfactual, quoted lore, or an immediate voluntary choice; no branch in this sentence depends on a prior deed.",conditional_question
C0650,221,2661,Что вы ответите: есть ли у вас такая рукопись (138) или нет (55)?,a,"Item, money, spell, bag, or numerical resource condition; an acquisition verb alone does not make possession a story-history predicate.",conditional_question
C0651,250,3021,"Вы заранее выбираете этот путь, но, кажется, берег охраняется: как только достигаете его, из кустов выскакивает Гоблин и, размахивая саблей, бросается на вас.",e,"Narrative, counterfactual, quoted lore, or an immediate voluntary choice; no branch in this sentence depends on a prior deed.",after_event
C0652,275,3322,"Это действительно так: как только пытаетесь отступить, в воздухе возникает огненный шар и направляется на вас.",e,"Narrative, counterfactual, quoted lore, or an immediate voluntary choice; no branch in this sentence depends on a prior deed.",after_event
C0653,302,3629,Но есть ли он у вас?,a,"Item, money, spell, bag, or numerical resource condition; an acquisition verb alone does not make possession a story-history predicate.",conditional_question
C0654,343,4051,Есть ли у вас золотой свисток?,a,"Item, money, spell, bag, or numerical resource condition; an acquisition verb alone does not make possession a story-history predicate.",conditional_question
C0655,369,4323,"Как только беретесь за рукоятку меча, Гиена тут же убегает в лес и больше не появляется.",e,"Narrative, counterfactual, quoted lore, or an immediate voluntary choice; no branch in this sentence depends on a prior deed.",after_event
C0656,448,5249,Не забудьте вычесть 1 из своей СИЛЫ УДАРА.,b,"Combat outcome, damage, reinforcement, fleeing, deadline, or combat modifier; handled separately from persistent story history.",explicit_history
C0657,489,5723,"Только после того, как ваш труп будет унесен из кабинета подоспевшими Орками, они заметят, что их повелитель мертв, но вам это уже не поможет.",e,"Narrative, counterfactual, quoted lore, or an immediate voluntary choice; no branch in this sentence depends on a prior deed.",after_event
C0658,519,6063,"Но как только берете ее в руки, она вспыхивает и исчезает — вам не суждено знать тайны черного волшебства.",e,"Narrative, counterfactual, quoted lore, or an immediate voluntary choice; no branch in this sentence depends on a prior deed.",after_event
C0659,562,6552,"Проводник говорит, что понял это сразу, как только посмотрел на вас.",e,"Narrative, counterfactual, quoted lore, or an immediate voluntary choice; no branch in this sentence depends on a prior deed.",after_event
C0660,588,6840,"Как только вы убиваете Гоблина, из дома появляется еще один.",b,"Combat outcome, damage, reinforcement, fleeing, deadline, or combat modifier; handled separately from persistent story history.",after_event
C0661,606,7036,"Как только входите, сразу становится ясно, что Хозяин живет не один.",e,"Narrative, counterfactual, quoted lore, or an immediate voluntary choice; no branch in this sentence depends on a prior deed.",after_event
C0662,618,7186,"Как только переступаете порог, одежда на вешалке начинает шевелиться, и через несколько секунд появляется кошмарный Призрак.",e,"Narrative, counterfactual, quoted lore, or an immediate voluntary choice; no branch in this sentence depends on a prior deed.",after_event
C0663,645,7489,"Как только накладываете заклятие Огня, Орки спрыгивают в воду.",e,"Narrative, counterfactual, quoted lore, or an immediate voluntary choice; no branch in this sentence depends on a prior deed.",after_event
C0664,717,8240,"Как только достигаете его, из-за кустов вам навстречу выскакивают два гоблина с зазубренными топорами.",e,"Narrative, counterfactual, quoted lore, or an immediate voluntary choice; no branch in this sentence depends on a prior deed.",after_event
C0665,722,8301,"И не забудьте во время боя отнимать 1 из своей СИЛЫ УДАРА, ведь вы не слишком-то привыкли драться в воздухе.",b,"Combat outcome, damage, reinforcement, fleeing, deadline, or combat modifier; handled separately from persistent story history.",explicit_history
C0666,749,8634,Есть ли у вас Песочные часы?,a,"Item, money, spell, bag, or numerical resource condition; an acquisition verb alone does not make possession a story-history predicate.",conditional_question
C0667,839,9693,Есть ли у вас собственная игральная кость?,a,"Item, money, spell, bag, or numerical resource condition; an acquisition verb alone does not make possession a story-history predicate.",conditional_question
C0668,866,9983,"Тогда хозяйка гарема спрашивает, есть ли у вас любимая девушка.",e,"Narrative, counterfactual, quoted lore, or an immediate voluntary choice; no branch in this sentence depends on a prior deed.",conditional_question
C0669,888,10221,"Вам не видно, есть ли открытые окна этажом выше или ниже.",e,"Narrative, counterfactual, quoted lore, or an immediate voluntary choice; no branch in this sentence depends on a prior deed.",conditional_question
C0670,923,10590,Теперь уходите из комнаты и не забудьте добавить себе 1 УДАЧУ — 459.,a,"Item, money, spell, bag, or numerical resource condition; an acquisition verb alone does not make possession a story-history predicate.",explicit_history
C0671,960,11000,"Вы так и не узнаете, были ли близки к цели или нет…",e,"Narrative, counterfactual, quoted lore, or an immediate voluntary choice; no branch in this sentence depends on a prior deed.",conditional_question
C0672,967,11065,"Как только залаете вопрос, слышится щелчок, — женщина выключает связь.",e,"Narrative, counterfactual, quoted lore, or an immediate voluntary choice; no branch in this sentence depends on a prior deed.",after_event
C0673,1003,11459,"Как только закрылась дверь, из угла комнаты на вас бросаются крысы.",e,"Narrative, counterfactual, quoted lore, or an immediate voluntary choice; no branch in this sentence depends on a prior deed.",after_event
C0674,1068,12114,"После того, как двери лифта закрылись, происходит резкий толчок.",e,"Narrative, counterfactual, quoted lore, or an immediate voluntary choice; no branch in this sentence depends on a prior deed.",after_event
C0675,1117,12644,"Но что это… как только вы встаете на него, пол уходит из-под ваших ног, и вы чувствуете, что летите вниз.",e,"Narrative, counterfactual, quoted lore, or an immediate voluntary choice; no branch in this sentence depends on a prior deed.",after_event
C0676,1148,12958,"Волшебный пояс надет, и крот появляется сразу же, как только вы его зовете.",e,"Narrative, counterfactual, quoted lore, or an immediate voluntary choice; no branch in this sentence depends on a prior deed.",after_event
C0677,1208,13634,Есть ли у вас фигурный ключ?,a,"Item, money, spell, bag, or numerical resource condition; an acquisition verb alone does not make possession a story-history predicate.",conditional_question
